dia,hora,intervalo,Hídrica,Eólica,Solar,Biomassa,Ondas,Gás Natural - Ciclo Combinado,Gás natural - Cogeração,Carvão,Outra Térmica,Importação,Exportação,Bombagem,Injeção de Baterias,Consumo Baterias,Consumo
01/01/2026,00:15,[00:00-00:15[,2603.7,2061.8,0.0,338.6,0.0,622.4,106.0,0.0,29.7,134.1,0.0,0.0,0.0,0.1,5882.2
01/01/2026,00:30,[00:15-00:30[,2406.9,2107.7,0.0,337.5,0.0,645.2,104.7,0.0,29.5,197.8,0.0,0.0,0.0,0.1,5814.0
01/01/2026,00:45,[00:30-00:45[,2471.6,2144.6,0.0,333.2,0.0,626.0,102.7,0.0,29.3,68.1,0.0,0.0,0.0,0.1,5761.9
01/01/2026,01:00,[00:45-01:00[,2465.0,2171.3,0.0,337.2,0.0,635.6,102.9,0.0,29.9,0.0,21.3,0.0,0.0,0.1,5706.9
01/01/2026,01:15,[01:00-01:15[,2345.0,2170.8,0.0,337.7,0.0,667.2,103.2,0.0,30.0,47.8,0.0,0.0,0.1,0.1,5687.9
01/01/2026,01:30,[01:15-01:30[,2350.1,2200.8,0.1,337.4,0.0,665.2,104.7,0.0,28.7,0.0,40.6,0.5,0.9,0.0,5632.4
01/01/2026,01:45,[01:30-01:45[,2499.2,2254.5,0.0,338.6,0.0,530.0,105.0,0.0,27.8,0.0,203.5,0.0,0.9,0.0,5538.4
01/01/2026,02:00,[01:45-02:00[,2227.7,2245.9,0.0,334.7,0.0,512.0,104.5,0.0,27.7,0.0,9.8,0.0,0.1,0.1,5430.4
01/01/2026,02:15,[02:00-02:15[,1821.3,2235.9,0.0,338.1,0.0,542.8,104.7,0.0,29.2,247.0,0.0,0.0,0.0,0.0,5306.5
01/01/2026,02:30,[02:15-02:30[,1695.3,2274.4,0.0,339.8,0.0,501.2,104.9,0.0,28.8,313.9,0.0,33.8,0.0,0.1,5208.3
01/01/2026,02:45,[02:30-02:45[,1608.1,2282.5,0.0,342.9,0.0,484.4,104.8,0.0,30.1,592.4,0.0,312.2,0.0,0.1,5116.9
01/01/2026,03:00,[02:45-03:00[,1579.8,2285.3,0.0,338.6,0.0,527.6,102.7,0.0,28.8,840.6,0.0,664.8,0.0,0.1,5021.7
01/01/2026,03:15,[03:00-03:15[,1626.8,2267.4,0.0,337.8,0.0,508.8,103.2,0.0,27.8,729.4,0.0,627.1,0.0,0.1,4958.1
01/01/2026,03:30,[03:15-03:30[,1628.8,2255.4,0.0,337.5,0.0,522.4,102.6,0.0,28.1,945.3,0.0,928.5,0.0,0.1,4876.1
01/01/2026,03:45,[03:30-03:45[,1619.8,2298.8,0.0,339.2,0.0,494.0,102.2,0.0,29.1,892.3,0.0,952.4,0.0,0.1,4808.1
01/01/2026,04:00,[03:45-04:00[,1532.7,2339.3,0.0,341.4,0.0,474.0,102.7,0.0,29.3,868.6,0.0,918.4,0.0,0.1,4754.0
01/01/2026,04:15,[04:00-04:15[,1490.6,2349.3,0.0,338.5,0.0,402.0,102.4,0.0,28.3,925.5,0.0,920.6,0.0,0.0,4698.9
01/01/2026,04:30,[04:15-04:30[,1461.7,2373.3,0.0,339.5,0.0,487.2,103.3,0.0,29.3,1150.7,0.0,1290.1,0.0,0.1,4638.3
01/01/2026,04:45,[04:30-04:45[,1452.9,2358.9,0.0,336.8,0.0,534.0,104.1,0.0,29.7,1121.0,0.0,1323.7,0.0,0.0,4595.9
01/01/2026,05:00,[04:45-05:00[,1397.8,2322.0,0.0,327.9,0.0,575.6,104.7,0.0,29.6,1114.6,0.0,1301.7,0.0,0.1,4554.3
01/01/2026,05:15,[05:00-05:15[,1436.9,2304.2,0.0,331.4,0.0,598.4,105.1,0.0,28.9,1033.5,0.0,1290.6,0.0,0.0,4531.0
01/01/2026,05:30,[05:15-05:30[,1522.3,2295.8,0.0,330.5,0.0,558.0,105.4,0.0,27.3,904.3,0.0,1226.9,0.0,0.1,4500.8
01/01/2026,05:45,[05:30-05:45[,1561.3,2226.3,0.0,331.5,0.0,591.6,105.3,0.0,26.6,850.5,0.0,1190.7,0.0,0.1,4486.5
01/01/2026,06:00,[05:45-06:00[,1555.7,2187.2,0.0,337.1,0.0,535.6,105.8,0.0,29.0,730.2,0.0,1002.5,0.0,0.0,4463.2
01/01/2026,06:15,[06:00-06:15[,1721.5,2178.6,0.0,337.6,0.0,574.4,106.4,0.0,29.6,422.0,0.0,872.9,0.0,0.1,4484.0
01/01/2026,06:30,[06:15-06:30[,1930.4,2220.4,0.0,329.8,0.0,516.0,106.0,0.0,28.6,267.9,0.0,907.5,0.0,0.0,4478.7
01/01/2026,06:45,[06:30-06:45[,1984.9,2332.7,0.0,338.5,0.0,424.8,104.7,0.0,29.1,238.1,0.0,944.5,0.0,0.1,4494.8
01/01/2026,07:00,[06:45-07:00[,1675.1,2420.7,0.0,342.9,0.0,460.0,103.8,0.0,29.2,398.6,0.0,928.4,0.0,0.0,4488.3
01/01/2026,07:15,[07:00-07:15[,1655.0,2526.6,0.0,343.5,0.0,434.0,107.7,0.0,29.5,547.4,0.0,1116.4,0.0,0.1,4512.9
01/01/2026,07:30,[07:15-07:30[,1595.8,2610.3,0.0,341.1,0.0,459.2,111.6,0.0,30.4,533.2,0.0,1152.5,0.0,0.1,4513.0
01/01/2026,07:45,[07:30-07:45[,1486.9,2721.9,0.1,339.9,0.0,446.0,110.7,0.0,30.5,742.8,0.0,1362.8,0.0,1.1,4498.4
01/01/2026,08:00,[07:45-08:00[,1463.9,2786.5,0.2,336.6,0.0,418.8,111.0,0.0,29.5,889.7,0.0,1548.5,0.0,10.0,4460.6
01/01/2026,08:15,[08:00-08:15[,1476.9,2876.5,2.6,334.9,0.0,472.4,111.1,0.0,28.7,967.9,0.0,1761.0,0.0,1.1,4488.4
01/01/2026,08:30,[08:15-08:30[,1531.3,2936.6,13.8,336.7,0.0,497.2,110.4,0.0,28.7,987.3,0.0,1872.2,0.0,0.0,4548.1
01/01/2026,08:45,[08:30-08:45[,1473.7,2974.6,34.3,336.6,0.0,519.2,110.3,0.0,29.1,1098.4,0.0,1921.5,0.0,0.1,4632.7
01/01/2026,09:00,[08:45-09:00[,1482.2,3064.0,58.7,333.9,0.0,505.6,109.5,0.0,28.7,1153.5,0.0,1990.4,0.0,0.0,4724.0
01/01/2026,09:15,[09:00-09:15[,1246.0,3128.3,89.1,335.1,0.0,517.6,108.4,0.0,28.0,1382.7,0.0,1978.1,0.0,0.1,4834.2
01/01/2026,09:30,[09:15-09:30[,1218.1,3167.2,123.9,332.1,0.0,553.2,108.2,0.0,28.5,1417.9,0.0,1949.2,0.0,1.0,4975.0
01/01/2026,09:45,[09:30-09:45[,1134.8,3198.0,160.7,336.6,0.0,607.2,108.2,0.0,28.4,1507.3,0.0,1951.4,0.0,3.5,5103.5
01/01/2026,10:00,[09:45-10:00[,1161.2,3260.6,198.8,334.7,0.0,613.2,107.3,0.0,28.3,1628.5,0.0,2042.9,0.0,3.8,5263.6
01/01/2026,10:15,[10:00-10:15[,1306.7,3306.0,212.6,335.7,0.0,684.4,107.0,0.0,28.8,1487.2,0.0,2007.0,0.0,5.1,5433.6
01/01/2026,10:30,[10:15-10:30[,1362.3,3315.4,236.3,335.1,0.0,672.4,108.6,0.0,28.6,1603.4,0.0,2007.3,0.0,5.2,5629.2
01/01/2026,10:45,[10:30-10:45[,1364.5,3308.1,291.8,328.6,0.0,572.0,110.2,0.0,29.1,1725.2,0.0,1920.1,0.0,5.2,5784.3
01/01/2026,11:00,[10:45-11:00[,1297.5,3310.0,320.1,320.6,0.0,592.8,107.3,0.0,28.1,1862.4,0.0,1878.8,0.0,5.2,5936.6
01/01/2026,11:15,[11:00-11:15[,1324.6,3311.2,358.7,309.6,0.0,570.8,107.6,0.0,27.3,1868.6,0.0,1753.9,0.0,5.2,6100.5
01/01/2026,11:30,[11:15-11:30[,1328.7,3346.4,375.9,310.2,0.0,570.4,108.0,0.0,26.4,2084.2,0.0,1873.3,0.0,5.2,6254.3
01/01/2026,11:45,[11:30-11:45[,1454.5,3334.2,381.6,309.7,0.0,613.2,107.9,0.0,27.1,2093.1,0.0,1893.6,0.0,5.2,6403.0
01/01/2026,12:00,[11:45-12:00[,1515.1,3309.5,388.7,310.5,0.0,614.8,108.1,0.0,26.9,1994.6,0.0,1724.0,0.0,5.2,6519.9
01/01/2026,12:15,[12:00-12:15[,1384.9,3273.2,402.7,308.3,0.0,624.4,105.5,0.0,26.7,2118.2,0.0,1571.0,0.0,5.2,6651.2
01/01/2026,12:30,[12:15-12:30[,1619.9,3303.6,446.2,311.6,0.0,482.4,105.8,0.0,27.5,2052.1,0.0,1582.6,0.0,5.2,6744.5
01/01/2026,12:45,[12:30-12:45[,1588.6,3336.2,435.3,310.3,0.0,512.0,105.4,0.0,27.5,2029.6,0.0,1564.8,0.0,5.2,6758.4
01/01/2026,13:00,[12:45-13:00[,1579.0,3374.6,425.3,310.7,0.0,592.4,105.6,0.0,27.4,1904.7,0.0,1547.9,0.0,5.2,6749.6
01/01/2026,13:15,[13:00-13:15[,1673.9,3360.3,433.0,314.5,0.0,581.2,105.8,0.0,28.0,1776.9,0.0,1552.5,0.0,5.2,6700.2
01/01/2026,13:30,[13:15-13:30[,1703.4,3285.4,405.6,313.5,0.0,602.8,107.0,0.0,28.8,1686.8,0.0,1496.0,0.0,4.2,6617.0
01/01/2026,13:45,[13:30-13:45[,1734.0,3236.0,356.4,312.9,0.0,653.6,103.7,0.0,28.4,1609.1,0.0,1473.2,0.0,0.3,6544.7
01/01/2026,14:00,[13:45-14:00[,1859.1,3247.6,303.9,313.3,0.0,589.6,104.1,0.0,28.6,1556.5,0.0,1511.3,0.0,0.1,6474.5
01/01/2026,14:15,[14:00-14:15[,1804.0,3233.3,286.7,315.0,0.0,532.4,104.4,0.0,27.7,1680.3,0.0,1529.4,0.0,0.1,6438.7
01/01/2026,14:30,[14:15-14:30[,1807.0,3223.3,276.2,315.3,0.0,510.0,105.4,0.0,28.7,1696.3,0.0,1540.2,0.0,0.1,6406.4
01/01/2026,14:45,[14:30-14:45[,1587.6,3234.7,242.9,312.8,0.0,612.4,104.7,0.0,28.1,1752.0,0.0,1469.6,0.0,0.1,6388.9
01/01/2026,15:00,[14:45-15:00[,1674.8,3259.3,216.5,312.3,0.0,553.6,104.9,0.0,28.0,1646.3,0.0,1431.9,0.0,0.1,6348.6
01/01/2026,15:15,[15:00-15:15[,1635.0,3278.3,189.8,310.4,0.0,482.4,104.5,0.0,28.4,1341.3,0.0,1001.3,0.0,0.1,6353.4
01/01/2026,15:30,[15:15-15:30[,1654.3,3299.8,172.5,309.0,0.0,564.4,104.3,0.0,27.9,670.5,0.0,450.3,0.0,0.1,6338.4
01/01/2026,15:45,[15:30-15:45[,1743.3,3306.6,145.0,310.0,0.0,588.8,103.7,0.0,27.4,204.2,0.0,89.2,2.2,0.0,6334.2
01/01/2026,16:00,[15:45-16:00[,2281.3,3330.5,118.9,312.9,0.0,622.0,103.8,0.0,27.0,0.0,440.5,3.2,4.8,0.0,6347.1
01/01/2026,16:15,[16:00-16:15[,2585.7,3349.4,82.9,313.5,0.0,521.2,103.0,0.0,28.5,0.0,603.8,0.0,4.8,0.0,6375.6
01/01/2026,16:30,[16:15-16:30[,2800.5,3336.5,51.7,307.8,0.0,542.4,101.2,0.0,27.9,0.0,764.2,0.0,4.8,0.0,6397.5
01/01/2026,16:45,[16:30-16:45[,3120.6,3357.1,26.3,308.4,0.0,530.8,100.1,0.0,27.0,0.0,1015.1,0.0,4.8,0.1,6450.6
01/01/2026,17:00,[16:45-17:00[,3607.7,3375.4,11.6,308.5,0.0,515.2,101.5,0.0,27.0,0.0,1422.0,0.0,4.8,0.1,6521.9
01/01/2026,17:15,[17:00-17:15[,3743.8,3461.4,2.4,310.5,0.0,545.2,101.4,0.0,27.8,0.0,1556.8,0.0,4.8,0.1,6631.7
01/01/2026,17:30,[17:15-17:30[,4227.2,3550.5,0.2,308.8,0.0,544.8,101.1,0.0,28.1,0.0,1965.6,0.0,4.8,0.1,6792.6
01/01/2026,17:45,[17:30-17:45[,4551.2,3593.1,0.1,311.8,0.0,606.0,100.9,0.0,28.3,0.0,2229.0,0.0,4.8,0.1,6959.1
01/01/2026,18:00,[17:45-18:00[,4605.1,3582.9,0.1,312.5,0.0,637.2,101.4,0.0,27.6,0.0,2187.3,0.0,4.8,0.0,7077.1
01/01/2026,18:15,[18:00-18:15[,4767.6,3575.7,0.1,312.3,0.0,623.2,101.1,0.0,27.3,0.0,2246.9,0.0,4.8,0.0,7157.4
01/01/2026,18:30,[18:15-18:30[,4763.0,3608.8,0.0,304.6,0.0,609.6,100.5,0.0,26.2,0.0,2176.3,0.0,4.8,0.0,7233.1
01/01/2026,18:45,[18:30-18:45[,4685.2,3657.8,0.0,307.1,0.0,572.4,101.2,0.0,26.3,0.0,2090.4,0.0,4.8,0.0,7256.5
01/01/2026,19:00,[18:45-19:00[,4749.4,3689.5,0.0,304.9,0.0,605.6,100.6,0.0,26.8,0.0,2163.8,0.0,4.8,0.0,7308.9
01/01/2026,19:15,[19:00-19:15[,4869.7,3715.8,0.0,306.9,0.0,683.6,100.5,0.0,26.6,0.0,2335.8,0.0,12.6,0.0,7372.2
01/01/2026,19:30,[19:15-19:30[,4934.4,3756.1,0.0,303.6,0.0,650.8,100.8,0.0,26.1,0.0,2351.9,0.0,0.0,7.4,7404.1
01/01/2026,19:45,[19:30-19:45[,4969.6,3745.0,0.0,304.7,0.0,665.6,101.2,0.0,26.3,0.0,2402.9,0.0,8.1,0.1,7408.9
01/01/2026,20:00,[19:45-20:00[,4945.6,3781.8,0.0,308.2,0.0,661.6,101.4,0.0,26.3,0.0,2403.1,0.0,0.0,7.3,7405.9
01/01/2026,20:15,[20:00-20:15[,4999.1,3768.5,0.0,311.0,0.0,698.4,101.8,0.0,26.0,0.0,2452.2,0.0,7.2,0.2,7451.0
01/01/2026,20:30,[20:15-20:30[,4980.1,3788.5,0.0,311.2,0.0,675.6,101.0,0.0,26.0,0.0,2453.1,0.0,4.6,0.1,7425.2
01/01/2026,20:45,[20:30-20:45[,4884.9,3721.2,0.0,307.4,0.0,636.4,100.7,0.0,25.2,0.0,2285.7,0.0,0.0,0.1,7381.3
01/01/2026,21:00,[20:45-21:00[,4658.2,3742.4,0.0,305.4,0.0,682.0,100.3,0.0,24.6,0.0,2175.2,0.0,0.0,0.1,7329.4
01/01/2026,21:15,[21:00-21:15[,4808.0,3733.8,0.0,303.3,0.0,620.0,100.5,0.0,24.3,0.0,2321.1,0.0,0.0,0.1,7259.2
01/01/2026,21:30,[21:15-21:30[,4553.6,3739.7,0.1,302.6,0.0,649.2,100.1,0.0,25.4,0.0,2184.4,0.0,0.0,0.1,7177.2
01/01/2026,21:45,[21:30-21:45[,4603.7,3763.3,0.0,297.8,0.0,608.4,99.8,0.0,24.0,0.0,2303.8,0.0,0.0,0.1,7084.3
01/01/2026,22:00,[21:45-22:00[,4004.7,3744.0,0.0,297.0,0.0,626.4,99.6,0.0,23.9,0.0,1820.8,0.0,0.0,0.2,6965.8
01/01/2026,22:15,[22:00-22:15[,3917.7,3786.3,0.0,297.2,0.0,612.4,100.0,0.0,24.0,0.0,1884.8,0.0,0.0,12.1,6830.2
01/01/2026,22:30,[22:15-22:30[,3433.9,3865.5,0.0,302.7,0.0,570.4,100.2,0.0,26.5,0.0,1552.3,0.0,0.0,12.1,6724.7
01/01/2026,22:45,[22:30-22:45[,3047.3,3864.1,0.0,303.1,0.0,610.8,100.9,0.0,26.5,0.0,1327.0,0.0,0.0,12.1,6602.4
01/01/2026,23:00,[22:45-23:00[,2713.2,3876.2,0.0,300.2,0.0,616.0,100.8,0.0,26.4,0.0,1149.4,45.0,0.0,12.1,6411.8
01/01/2026,23:15,[23:00-23:15[,2179.0,3852.3,0.0,299.6,0.0,558.8,100.6,0.0,27.1,0.0,464.5,321.3,0.0,0.1,6218.6
01/01/2026,23:30,[23:15-23:30[,2096.1,3910.2,0.0,300.1,0.0,552.4,100.7,0.0,27.1,0.0,72.9,837.1,0.0,0.1,6061.6
01/01/2026,23:45,[23:30-23:45[,1851.6,3949.0,0.0,302.5,0.0,497.6,100.8,0.0,27.2,440.6,0.0,1243.3,0.0,0.2,5903.2
01/01/2026,23:59,[23:45-00:00[,1774.1,3991.5,0.0,303.4,0.0,510.0,100.2,0.0,27.0,680.2,0.0,1614.2,0.0,0.1,5750.7
02/01/2026,00:15,[00:00-00:15[,1948.7,4056.9,0.0,304.7,0.0,378.0,99.2,0.0,27.2,301.3,0.0,1464.0,0.0,0.1,5633.3
02/01/2026,00:30,[00:15-00:30[,1647.7,4104.3,0.0,307.1,0.0,378.8,100.5,0.0,27.1,838.1,0.0,1890.0,0.0,1.1,5489.0
02/01/2026,00:45,[00:30-00:45[,1439.2,4108.5,0.0,306.2,0.0,409.2,100.0,0.0,27.7,1085.3,0.0,2096.7,0.0,11.1,5346.9
02/01/2026,01:00,[00:45-01:00[,1393.6,4152.9,0.0,306.2,0.0,378.0,99.8,0.0,27.5,966.9,0.0,2106.8,0.0,12.1,5184.8
02/01/2026,01:15,[01:00-01:15[,1273.2,4220.6,0.0,306.6,0.0,378.8,100.3,0.0,27.4,816.2,0.0,2016.3,0.0,12.1,5074.1
02/01/2026,01:30,[01:15-01:30[,1217.8,4195.1,0.0,305.7,0.0,378.0,99.6,0.0,26.9,784.0,0.0,2016.0,0.0,11.1,4958.1
02/01/2026,01:45,[01:30-01:45[,1249.9,4177.2,0.0,304.0,0.0,412.0,99.3,0.0,26.8,769.7,0.0,2113.2,0.0,1.1,4901.6
02/01/2026,02:00,[01:45-02:00[,1176.5,4176.5,0.0,305.7,0.0,478.8,99.6,0.0,26.8,721.2,0.0,2117.3,0.0,1.4,4846.1
02/01/2026,02:15,[02:00-02:15[,1227.1,4189.0,0.0,305.0,0.0,614.8,99.5,0.0,26.0,661.4,0.0,2331.3,0.0,2.5,4767.8
02/01/2026,02:30,[02:15-02:30[,1196.6,4173.8,0.0,306.5,0.0,681.6,98.9,0.0,27.0,370.6,0.0,2157.3,0.0,1.8,4676.3
02/01/2026,02:45,[02:30-02:45[,1199.8,4197.1,0.0,290.0,0.0,649.6,99.0,0.0,26.3,364.6,0.0,2161.6,0.0,1.8,4642.3
02/01/2026,03:00,[02:45-03:00[,1232.2,4219.4,0.0,269.1,0.0,662.8,99.2,0.0,25.0,162.4,0.0,2049.3,0.0,1.9,4598.7
02/01/2026,03:15,[03:00-03:15[,1214.5,4215.2,0.0,282.8,0.0,643.2,99.4,0.0,25.0,199.0,0.0,2111.3,0.0,1.9,4547.4
02/01/2026,03:30,[03:15-03:30[,1212.3,4216.6,0.0,286.5,0.0,645.6,99.4,0.0,26.5,172.8,0.0,2111.1,0.0,1.9,4528.1
02/01/2026,03:45,[03:30-03:45[,1213.4,4251.0,0.0,287.9,0.0,640.8,99.7,0.0,26.2,156.6,0.0,2147.5,0.0,1.7,4507.6
02/01/2026,04:00,[03:45-04:00[,1117.4,4299.4,0.0,288.5,0.0,534.8,99.8,0.0,26.4,295.8,0.0,2208.6,0.0,0.9,4433.6
02/01/2026,04:15,[04:00-04:15[,1101.8,4322.0,0.0,290.6,0.0,564.0,99.6,0.0,26.9,209.0,0.0,2121.0,0.0,0.1,4474.1
02/01/2026,04:30,[04:15-04:30[,1137.7,4341.0,0.0,291.0,0.0,559.6,99.1,0.0,26.9,138.6,0.0,2119.8,0.0,0.1,4454.9
02/01/2026,04:45,[04:30-04:45[,1195.5,4336.2,0.0,291.1,0.0,536.4,98.7,0.0,26.4,0.0,20.7,2007.8,0.0,0.1,4437.2
02/01/2026,05:00,[04:45-05:00[,1110.5,4329.0,0.0,286.8,0.0,562.4,99.2,0.0,27.1,0.0,74.0,1878.9,0.0,0.1,4445.1
02/01/2026,05:15,[05:00-05:15[,1079.9,4350.2,0.0,290.1,0.0,607.2,99.4,0.0,26.9,0.0,72.6,1873.9,0.0,0.1,4490.0
02/01/2026,05:30,[05:15-05:30[,1096.4,4334.0,0.0,284.2,0.0,577.2,99.5,0.0,26.8,0.0,30.3,1877.1,0.0,0.1,4493.0
02/01/2026,05:45,[05:30-05:45[,1176.4,4350.4,0.0,286.2,0.0,516.4,99.4,0.0,27.1,0.0,31.0,1875.8,0.0,0.1,4531.7
02/01/2026,06:00,[05:45-06:00[,1085.5,4324.2,0.0,293.2,0.0,551.6,99.4,0.0,27.1,0.0,301.4,1467.3,0.0,0.1,4594.6
02/01/2026,06:15,[06:00-06:15[,1259.2,4254.4,0.0,293.8,0.0,524.8,99.9,0.0,27.0,0.0,848.6,944.6,0.0,0.1,4650.6
02/01/2026,06:30,[06:15-06:30[,1330.1,4256.6,0.0,288.7,0.0,626.4,99.6,0.0,26.0,0.0,1230.8,596.7,0.0,0.1,4785.6
02/01/2026,06:45,[06:30-06:45[,1420.2,4323.9,0.0,286.2,0.0,578.0,98.0,0.0,26.8,0.0,1815.2,35.6,0.0,0.1,4871.4
02/01/2026,07:00,[06:45-07:00[,1717.7,4330.2,0.0,291.3,0.0,520.0,98.2,0.0,26.4,0.0,2024.3,0.0,0.0,0.1,4948.3
02/01/2026,07:15,[07:00-07:15[,2028.0,4281.0,0.0,294.8,0.0,626.0,107.4,0.0,26.8,0.0,2224.1,0.0,0.0,0.1,5128.4
02/01/2026,07:30,[07:15-07:30[,2313.5,4194.5,0.0,299.7,0.0,641.6,113.2,0.0,26.1,0.0,2348.1,0.1,0.0,0.1,5233.0
02/01/2026,07:45,[07:30-07:45[,2427.1,4145.7,0.1,299.1,0.0,575.6,115.8,0.0,26.5,0.0,2277.6,0.0,0.0,0.1,5302.8
02/01/2026,08:00,[07:45-08:00[,2568.8,4077.9,0.3,301.7,0.0,541.2,115.8,0.0,26.7,0.0,2202.9,0.0,0.0,0.1,5421.9
02/01/2026,08:15,[08:00-08:15[,3374.0,4096.3,4.4,297.9,0.0,566.4,116.1,0.0,26.0,0.0,2861.6,0.0,0.0,0.1,5611.7
02/01/2026,08:30,[08:15-08:30[,2968.9,4074.1,19.1,297.6,0.0,582.4,119.4,0.0,26.3,0.0,2312.0,0.0,0.0,0.1,5769.2
02/01/2026,08:45,[08:30-08:45[,2527.6,4009.4,47.0,298.0,0.0,660.4,122.8,0.0,24.7,0.0,1746.0,0.0,0.0,0.1,5935.0
02/01/2026,09:00,[08:45-09:00[,2641.1,3980.9,82.6,292.1,0.0,624.0,123.1,0.0,22.7,0.0,1655.1,0.0,0.0,0.1,6101.0
02/01/2026,09:15,[09:00-09:15[,3359.7,3968.1,133.4,288.0,0.0,663.2,122.5,0.0,20.7,0.0,2225.8,0.0,0.0,0.1,6320.9
02/01/2026,09:30,[09:15-09:30[,2848.6,3933.9,161.2,291.8,0.0,622.4,122.1,0.0,19.6,0.0,1498.8,0.0,0.0,0.1,6491.2
02/01/2026,09:45,[09:30-09:45[,2500.8,3842.6,207.1,299.0,0.0,646.8,121.2,0.0,22.1,0.0,1063.4,0.0,0.0,0.1,6567.0
02/01/2026,10:00,[09:45-10:00[,2247.1,3872.8,237.5,310.8,0.0,600.8,121.2,0.0,23.9,0.0,711.8,0.0,0.0,0.1,6691.5
02/01/2026,10:15,[10:00-10:15[,2544.2,3858.9,272.3,319.1,0.0,622.4,120.9,0.0,26.7,0.0,969.2,0.0,0.0,0.1,6785.1
02/01/2026,10:30,[10:15-10:30[,2363.1,3855.8,315.2,320.4,0.0,586.8,120.8,0.0,26.8,0.0,711.3,0.0,0.0,2.3,6864.4
02/01/2026,10:45,[10:30-10:45[,2237.5,3919.9,302.7,320.3,0.0,583.2,120.0,0.0,28.0,0.0,523.2,0.0,0.0,5.2,6972.8
02/01/2026,11:00,[10:45-11:00[,2010.3,3974.5,356.1,320.8,0.0,544.8,120.3,0.0,27.4,0.0,276.6,0.6,0.0,5.2,7062.5
02/01/2026,11:15,[11:00-11:15[,2832.2,3979.2,391.1,320.5,0.0,559.2,120.4,0.0,27.5,0.0,701.4,328.1,0.0,5.2,7180.6
02/01/2026,11:30,[11:15-11:30[,2428.6,3917.9,424.9,319.9,0.0,646.4,120.3,0.0,27.9,0.0,287.1,320.2,0.0,5.2,7260.6
02/01/2026,11:45,[11:30-11:45[,2271.0,3858.5,492.3,324.8,0.0,672.0,120.2,0.0,28.9,0.0,108.6,321.4,0.0,5.2,7320.1
02/01/2026,12:00,[11:45-12:00[,2385.7,3797.2,541.7,325.3,0.0,664.4,120.1,0.0,28.9,0.0,105.0,324.3,0.0,5.2,7416.1
02/01/2026,12:15,[12:00-12:15[,2267.5,3782.2,596.6,321.5,0.0,581.2,121.2,0.0,28.3,70.0,0.0,331.8,0.0,5.2,7417.5
02/01/2026,12:30,[12:15-12:30[,2260.6,3793.8,663.4,322.2,0.0,573.6,120.7,0.0,27.2,61.5,0.0,335.2,0.0,5.2,7468.5
02/01/2026,12:45,[12:30-12:45[,2322.5,3760.0,633.0,325.7,0.0,623.6,120.5,0.0,29.0,56.8,0.0,323.0,0.0,4.8,7529.8
02/01/2026,13:00,[12:45-13:00[,2429.9,3705.1,658.2,328.4,0.0,583.2,120.6,0.0,29.3,0.0,15.7,332.3,0.0,5.2,7488.4
02/01/2026,13:15,[13:00-13:15[,2205.4,3638.6,733.6,315.2,0.0,496.4,120.1,0.0,28.6,227.6,0.0,341.8,0.0,4.8,7405.3
02/01/2026,13:30,[13:15-13:30[,2169.3,3580.6,816.9,317.9,0.0,468.0,119.6,0.0,29.1,200.3,0.0,338.5,0.0,4.1,7345.8
02/01/2026,13:45,[13:30-13:45[,2141.6,3545.4,852.5,319.1,0.0,429.6,120.1,0.0,29.5,117.7,0.0,304.6,0.0,3.9,7234.4
02/01/2026,14:00,[13:45-14:00[,1928.0,3543.4,853.8,299.5,0.0,427.2,121.1,0.0,27.6,72.3,0.0,57.7,0.0,1.9,7202.7
02/01/2026,14:15,[14:00-14:15[,1972.3,3555.1,770.1,304.0,0.0,516.8,119.7,0.0,26.1,14.9,0.0,0.0,0.0,0.8,7267.6
02/01/2026,14:30,[14:15-14:30[,2189.2,3540.1,643.1,305.3,0.0,623.6,120.0,0.0,26.4,0.0,133.4,0.0,0.0,0.1,7303.5
02/01/2026,14:45,[14:30-14:45[,2436.2,3544.8,585.7,305.1,0.0,643.6,120.6,0.0,26.4,0.0,345.7,0.0,0.0,0.1,7305.9
02/01/2026,15:00,[14:45-15:00[,2755.8,3562.2,553.2,299.2,0.0,569.2,118.8,0.0,26.6,0.0,569.8,0.0,0.0,0.1,7306.0
02/01/2026,15:15,[15:00-15:15[,3010.2,3510.6,488.6,302.9,0.0,664.8,122.1,0.0,27.5,0.0,767.0,0.0,0.0,0.1,7350.8
02/01/2026,15:30,[15:15-15:30[,3403.3,3407.0,408.1,303.4,0.0,602.4,122.7,0.0,26.5,0.0,949.4,0.0,0.0,0.1,7314.9
02/01/2026,15:45,[15:30-15:45[,3992.4,3309.3,295.0,305.1,0.0,660.4,122.6,0.0,27.8,0.0,1352.1,0.0,0.0,0.1,7351.7
02/01/2026,16:00,[15:45-16:00[,4299.7,3242.9,239.1,304.0,0.0,623.6,122.8,0.0,27.4,0.0,1521.8,0.0,0.0,0.1,7328.7
02/01/2026,16:15,[16:00-16:15[,4267.0,3185.0,150.9,301.1,0.0,630.4,122.4,0.0,26.9,0.0,1290.2,0.0,0.0,0.2,7385.4
02/01/2026,16:30,[16:15-16:30[,4783.0,3304.1,81.9,301.8,0.0,631.2,123.6,0.0,26.1,0.0,1814.2,0.0,0.0,0.2,7428.4
02/01/2026,16:45,[16:30-16:45[,5407.9,3298.2,38.8,305.4,0.0,590.8,123.0,0.0,25.5,0.0,2322.1,0.0,0.0,0.1,7459.9
02/01/2026,17:00,[16:45-17:00[,5652.9,3322.9,19.1,304.0,0.0,618.4,120.5,0.0,24.9,0.0,2580.8,0.0,0.0,0.1,7474.3
02/01/2026,17:15,[17:00-17:15[,5527.9,3339.6,3.6,305.8,0.0,598.4,122.8,0.0,26.7,0.0,2378.3,0.0,1.9,0.1,7542.0
02/01/2026,17:30,[17:15-17:30[,5774.5,3289.0,0.2,302.5,0.0,644.0,90.9,0.0,25.9,0.0,2459.3,0.0,4.7,0.1,7664.4
02/01/2026,17:45,[17:30-17:45[,5894.8,3306.0,0.2,309.1,0.0,698.0,87.2,0.0,27.6,0.0,2487.8,0.0,4.7,0.1,7833.5
02/01/2026,18:00,[17:45-18:00[,5985.8,3333.9,0.1,323.3,0.0,670.4,87.8,0.0,27.9,0.0,2462.7,0.0,4.7,0.0,7964.1
02/01/2026,18:15,[18:00-18:15[,5635.9,3394.3,0.1,319.5,0.0,567.6,87.2,0.0,28.7,0.0,1983.6,0.0,4.7,0.0,8047.1
02/01/2026,18:30,[18:15-18:30[,5657.5,3481.1,0.1,319.4,0.0,526.8,86.9,0.0,29.1,0.0,1992.8,0.0,4.7,0.0,8106.0
02/01/2026,18:45,[18:30-18:45[,5652.9,3558.4,0.0,318.5,0.0,512.8,86.5,0.0,28.5,0.0,1991.7,0.0,4.3,0.0,8163.9
02/01/2026,19:00,[18:45-19:00[,5547.9,3617.4,0.0,323.9,0.0,530.0,86.7,0.0,28.6,0.0,1913.0,0.0,3.9,0.0,8218.7
02/01/2026,19:15,[19:00-19:15[,5344.1,3621.4,0.0,322.2,0.0,616.0,85.9,0.0,29.7,0.0,1757.3,0.0,15.9,0.0,8270.9
02/01/2026,19:30,[19:15-19:30[,5276.8,3646.0,0.0,319.6,0.0,577.2,84.3,0.0,29.3,0.0,1657.5,0.0,15.8,0.0,8284.9
02/01/2026,19:45,[19:30-19:45[,5319.3,3657.3,0.0,322.6,0.0,562.4,84.2,0.0,29.6,0.0,1679.2,0.0,13.9,0.0,8303.7
02/01/2026,20:00,[19:45-20:00[,5250.7,3646.5,0.0,323.1,0.0,606.4,84.8,0.0,29.5,0.0,1619.0,0.0,3.9,9.2,8310.0
02/01/2026,20:15,[20:00-20:15[,5407.9,3652.1,0.0,327.8,0.0,624.8,85.2,0.0,29.3,0.0,1851.7,0.0,3.9,9.1,8263.0
02/01/2026,20:30,[20:15-20:30[,5293.6,3692.7,0.0,332.1,0.0,613.6,85.0,0.0,29.0,0.0,1888.8,0.0,12.0,0.0,8162.1
02/01/2026,20:45,[20:30-20:45[,5190.1,3647.3,0.0,329.1,0.0,656.8,84.9,0.0,28.5,0.0,1861.2,1.0,3.9,10.0,8062.1
02/01/2026,21:00,[20:45-21:00[,4933.7,3630.4,0.0,327.3,0.0,663.2,84.8,0.0,28.8,0.0,1669.8,0.0,4.0,10.0,7984.4
02/01/2026,21:15,[21:00-21:15[,5088.7,3617.9,0.0,328.6,0.0,635.6,85.0,0.0,27.8,0.0,1891.7,0.0,3.8,2.0,7885.9
02/01/2026,21:30,[21:15-21:30[,4867.3,3629.9,0.0,331.0,0.0,615.6,85.1,0.0,27.4,0.0,1768.3,0.0,2.8,0.0,7782.5
02/01/2026,21:45,[21:30-21:45[,4448.5,3508.2,0.0,325.4,0.0,650.0,84.9,0.0,28.6,0.0,1407.5,0.0,1.0,0.1,7630.0
02/01/2026,22:00,[21:45-22:00[,4144.5,3451.3,0.0,329.8,0.0,614.8,84.6,0.0,29.3,0.0,1159.0,0.0,0.0,0.1,7485.0
02/01/2026,22:15,[22:00-22:15[,4101.9,3465.8,0.0,332.3,0.0,644.8,84.6,0.0,28.9,0.0,1315.1,0.0,0.0,0.1,7332.8
02/01/2026,22:30,[22:15-22:30[,3924.0,3490.1,0.0,332.1,0.0,559.6,84.7,0.0,28.1,0.0,1222.8,0.0,0.0,0.1,7186.5
02/01/2026,22:45,[22:30-22:45[,3457.3,3507.6,0.0,333.4,0.0,567.6,85.1,0.0,29.4,0.0,954.2,0.0,0.0,0.2,7015.7
02/01/2026,23:00,[22:45-23:00[,3169.8,3494.1,0.0,331.4,0.0,639.2,85.0,0.0,29.5,0.0,853.6,0.0,0.0,1.0,6883.6
02/01/2026,23:15,[23:00-23:15[,2989.3,3435.0,0.0,336.6,0.0,706.8,84.2,0.0,29.9,0.0,868.6,35.4,9.4,0.1,6675.9
02/01/2026,23:30,[23:15-23:30[,3272.0,3442.4,0.0,331.1,0.0,558.8,83.6,0.0,29.9,0.0,1066.4,115.6,0.0,9.6,6514.8
02/01/2026,23:45,[23:30-23:45[,3155.3,3475.3,0.0,330.0,0.0,480.4,83.1,0.0,30.3,0.0,854.7,287.2,0.0,8.1,6391.1
02/01/2026,23:59,[23:45-00:00[,2965.9,3540.9,0.0,329.4,0.0,557.6,80.6,0.0,29.9,0.0,906.3,345.4,3.2,0.3,6242.6
03/01/2026,00:15,[00:00-00:15[,2941.1,3648.1,0.0,330.4,0.0,482.8,67.5,0.0,29.4,0.0,1243.1,134.5,0.3,3.4,6107.4
03/01/2026,00:30,[00:15-00:30[,2679.0,3724.3,0.0,331.8,0.0,422.8,66.0,0.0,28.0,0.0,1112.8,212.8,2.3,0.7,5912.9
03/01/2026,00:45,[00:30-00:45[,2695.7,3797.5,0.0,329.1,0.0,547.2,66.0,0.0,27.1,0.0,1083.4,545.2,0.0,0.1,5818.5
03/01/2026,01:00,[00:45-01:00[,2623.8,3872.5,0.0,328.4,0.0,504.0,66.0,0.0,28.8,0.0,1181.2,568.4,0.0,0.1,5660.6
03/01/2026,01:15,[01:00-01:15[,2479.5,3939.5,0.0,325.1,0.0,486.0,65.9,0.0,30.0,0.0,1215.2,551.2,0.0,0.1,5545.0
03/01/2026,01:30,[01:15-01:30[,2444.8,3952.4,0.0,325.4,0.0,495.6,65.1,0.0,30.4,0.0,1148.0,755.6,0.0,0.1,5395.7
03/01/2026,01:45,[01:30-01:45[,2088.7,3968.2,0.0,324.8,0.0,505.6,65.5,0.0,29.9,0.0,1102.4,598.1,0.0,0.1,5268.1
03/01/2026,02:00,[01:45-02:00[,2023.5,4000.8,0.0,321.3,0.0,492.8,65.0,0.0,29.0,0.0,1160.2,551.2,0.0,0.1,5207.0
03/01/2026,02:15,[02:00-02:15[,1855.4,3983.3,0.0,320.6,0.0,564.4,70.5,0.0,28.4,0.0,1161.6,550.8,0.0,0.1,5096.7
03/01/2026,02:30,[02:15-02:30[,1832.4,4004.8,0.0,324.1,0.0,516.8,103.7,0.0,28.8,0.0,1247.8,551.3,0.0,0.1,4997.1
03/01/2026,02:45,[02:30-02:45[,1767.7,4017.0,0.0,322.9,0.0,514.8,104.4,0.0,29.6,0.0,1265.0,551.3,0.0,0.1,4927.4
03/01/2026,03:00,[02:45-03:00[,1693.3,4058.9,0.0,326.2,0.0,552.8,104.5,0.0,29.2,0.0,1326.8,551.4,0.0,0.1,4872.5
03/01/2026,03:15,[03:00-03:15[,1690.0,4076.3,0.0,327.8,0.0,504.4,104.8,0.0,28.6,0.0,1381.8,552.5,0.0,0.9,4781.8
03/01/2026,03:30,[03:15-03:30[,1769.7,4016.5,0.0,329.3,0.0,624.0,104.5,0.0,28.6,0.0,1408.7,648.5,0.0,0.9,4800.9
03/01/2026,03:45,[03:30-03:45[,1785.1,3995.1,0.0,329.7,0.0,649.2,104.6,0.0,28.8,0.0,1461.6,664.0,0.0,0.9,4751.7
03/01/2026,04:00,[03:45-04:00[,1670.5,3993.0,0.0,327.0,0.0,546.8,104.7,0.0,29.0,0.0,1439.1,551.2,0.0,1.0,4666.0
03/01/2026,04:15,[04:00-04:15[,1658.4,4000.3,0.0,328.2,0.0,559.6,105.3,0.0,29.5,0.0,1607.2,351.3,0.0,1.0,4708.7
03/01/2026,04:30,[04:15-04:30[,1660.9,3979.9,0.0,328.6,0.0,547.2,105.9,0.0,29.2,0.0,1644.4,345.2,0.0,0.9,4647.6
03/01/2026,04:45,[04:30-04:45[,1743.9,3928.0,0.0,326.7,0.0,582.4,106.1,0.0,28.2,0.0,1686.1,345.4,0.0,1.0,4668.6
03/01/2026,05:00,[04:45-05:00[,1729.1,3912.0,0.0,329.7,0.0,546.4,106.0,0.0,28.2,0.0,1676.4,351.4,0.0,1.1,4608.6
03/01/2026,05:15,[05:00-05:15[,1791.1,3862.1,0.0,330.2,0.0,567.2,105.4,0.0,27.1,0.0,1464.7,553.0,0.0,0.6,4651.4
03/01/2026,05:30,[05:15-05:30[,1829.0,3874.1,0.0,330.5,0.0,640.8,105.0,0.0,27.6,0.0,1609.1,494.9,0.0,0.1,4690.6
03/01/2026,05:45,[05:30-05:45[,1757.1,3936.1,0.0,329.8,0.0,505.2,105.2,0.0,28.5,0.0,1619.3,338.0,0.0,0.1,4692.7
03/01/2026,06:00,[05:45-06:00[,1728.1,3968.5,0.0,332.2,0.0,442.8,104.8,0.0,29.7,0.0,1660.5,223.4,0.0,0.1,4710.5
03/01/2026,06:15,[06:00-06:15[,1778.8,4012.7,0.0,335.7,0.0,482.0,104.2,0.0,30.1,0.0,1730.3,207.7,0.0,0.1,4793.4
03/01/2026,06:30,[06:15-06:30[,1791.4,4026.7,0.0,328.6,0.0,493.6,102.7,0.0,29.5,0.0,1714.3,207.6,0.0,0.1,4839.9
03/01/2026,06:45,[06:30-06:45[,1780.5,4060.5,0.0,330.0,0.0,456.4,102.8,0.0,29.5,0.0,1712.5,207.2,0.0,0.1,4827.7
03/01/2026,07:00,[06:45-07:00[,1849.2,4076.4,0.0,328.5,0.0,507.6,102.6,0.0,28.7,0.0,1843.3,118.4,0.0,0.1,4918.3
03/01/2026,07:15,[07:00-07:15[,2315.9,4032.9,0.0,325.5,0.0,567.6,105.4,0.0,27.6,0.0,2038.1,327.7,0.0,0.1,4996.5
03/01/2026,07:30,[07:15-07:30[,2507.3,4042.9,0.0,327.8,0.0,555.2,106.9,0.0,28.0,0.0,2158.0,344.6,0.0,0.1,5052.5
03/01/2026,07:45,[07:30-07:45[,2454.8,4046.1,0.0,326.5,0.0,486.0,106.3,0.0,28.2,0.0,2121.7,232.8,0.0,0.1,5081.6
03/01/2026,08:00,[07:45-08:00[,2498.9,3978.2,0.9,326.1,0.0,507.6,106.7,0.0,27.4,0.0,2130.5,229.9,0.0,0.1,5074.5
03/01/2026,08:15,[08:00-08:15[,3030.7,3896.5,11.9,322.8,0.0,601.2,107.0,0.0,25.9,0.0,2713.8,29.3,0.0,0.1,5243.4
03/01/2026,08:30,[08:15-08:30[,3172.5,3829.5,50.6,327.7,0.0,565.2,106.9,0.0,26.7,0.0,2743.3,0.0,0.0,0.1,5326.6
03/01/2026,08:45,[08:30-08:45[,3221.6,3784.4,116.4,329.6,0.0,519.2,107.0,0.0,26.4,0.0,2631.2,0.0,0.0,0.2,5464.0
03/01/2026,09:00,[08:45-09:00[,2904.8,3727.0,166.2,325.3,0.0,550.0,106.4,0.0,27.2,0.0,2191.6,1.0,0.0,0.9,5611.6
03/01/2026,09:15,[09:00-09:15[,3548.6,3621.4,218.9,324.2,0.0,561.2,106.9,0.0,28.1,0.0,2697.7,0.3,0.0,0.2,5702.8
03/01/2026,09:30,[09:15-09:30[,3416.9,3546.6,260.5,323.3,0.0,615.6,109.9,0.0,28.8,0.0,2444.7,0.0,0.0,0.1,5846.8
03/01/2026,09:45,[09:30-09:45[,2909.0,3485.0,298.3,328.3,0.0,654.0,117.4,0.0,29.7,0.0,1868.9,0.0,0.0,0.1,5942.7
03/01/2026,10:00,[09:45-10:00[,2627.9,3430.2,356.4,326.4,0.0,615.2,120.6,0.0,28.8,0.0,1570.6,0.0,0.0,0.1,5925.7
03/01/2026,10:15,[10:00-10:15[,2763.2,3418.7,464.3,324.1,0.0,516.0,120.8,0.0,27.4,0.0,1557.2,0.0,0.0,0.1,6067.6
03/01/2026,10:30,[10:15-10:30[,2567.1,3364.4,522.1,326.7,0.0,585.6,120.6,0.0,28.5,0.0,1342.9,0.0,0.0,0.1,6161.5
03/01/2026,10:45,[10:30-10:45[,2504.9,3299.4,589.0,330.3,0.0,574.4,120.6,0.0,29.6,0.0,1208.8,0.0,0.0,0.1,6229.9
03/01/2026,11:00,[10:45-11:00[,2366.3,3250.0,593.1,332.0,0.0,569.2,120.5,0.0,29.1,0.0,972.1,0.0,0.0,0.1,6279.1
03/01/2026,11:15,[11:00-11:15[,2343.3,3147.4,638.5,331.6,0.0,648.0,120.5,0.0,28.2,0.0,879.3,0.0,0.0,0.1,6369.5
03/01/2026,11:30,[11:15-11:30[,2278.7,3051.3,747.9,330.4,0.0,635.6,120.6,0.0,28.8,0.0,714.2,0.0,0.0,0.1,6470.4
03/01/2026,11:45,[11:30-11:45[,2315.6,2962.5,751.5,328.9,0.0,630.0,120.2,0.0,28.8,0.0,593.4,0.0,0.0,0.2,6535.3
03/01/2026,12:00,[11:45-12:00[,2248.5,2884.5,757.5,329.7,0.0,652.0,120.2,0.0,29.0,0.0,381.3,0.0,0.0,0.1,6629.6
03/01/2026,12:15,[12:00-12:15[,2392.0,2793.9,823.4,325.6,0.0,678.4,118.8,0.0,28.8,0.0,423.2,0.0,0.0,0.1,6727.2
03/01/2026,12:30,[12:15-12:30[,2415.7,2703.8,744.8,321.3,0.0,626.0,118.2,0.0,28.4,0.0,169.4,0.0,0.0,0.1,6778.1
03/01/2026,12:45,[12:30-12:45[,2710.1,2656.0,658.6,328.1,0.0,658.8,118.7,0.0,28.7,0.0,355.5,0.0,0.0,0.1,6790.8
03/01/2026,13:00,[12:45-13:00[,2816.4,2619.2,626.1,328.6,0.0,654.0,119.6,0.0,28.2,0.0,377.4,0.0,0.0,0.1,6804.1
03/01/2026,13:15,[13:00-13:15[,2868.4,2518.8,614.6,330.4,0.0,653.6,119.2,0.0,29.2,0.0,335.5,0.0,0.0,0.1,6788.3
03/01/2026,13:30,[13:15-13:30[,3228.0,2446.6,617.1,324.7,0.0,620.4,117.7,0.0,27.8,0.0,600.2,0.0,0.0,0.1,6773.1
03/01/2026,13:45,[13:30-13:45[,3295.0,2420.4,624.8,330.2,0.0,656.0,116.0,0.0,28.9,0.0,733.2,0.0,0.0,0.1,6726.5
03/01/2026,14:00,[13:45-14:00[,3568.1,2413.5,619.0,330.9,0.0,584.0,118.6,0.0,29.2,0.0,881.7,0.0,0.0,0.1,6770.5
03/01/2026,14:15,[14:00-14:15[,3223.6,2341.8,556.7,331.9,0.0,590.0,118.9,0.0,28.9,0.0,437.7,0.0,0.0,0.1,6743.5
03/01/2026,14:30,[14:15-14:30[,3692.1,2312.8,519.6,328.4,0.0,580.4,118.4,0.0,28.2,0.0,921.9,0.0,0.0,0.1,6644.5
03/01/2026,14:45,[14:30-14:45[,3822.4,2297.0,487.0,329.3,0.0,518.8,118.5,0.0,28.2,0.0,949.7,0.0,0.0,0.1,6635.6
03/01/2026,15:00,[14:45-15:00[,3935.2,2316.3,456.6,327.3,0.0,603.2,119.3,0.0,28.6,0.0,1163.3,0.0,0.0,0.1,6616.4
03/01/2026,15:15,[15:00-15:15[,4502.0,2382.0,422.7,330.0,0.0,588.4,121.0,0.0,27.6,0.0,1784.3,0.0,0.0,0.2,6582.4
03/01/2026,15:30,[15:15-15:30[,4625.9,2377.7,379.3,327.5,0.0,631.6,120.5,0.0,26.8,0.0,1854.8,0.0,11.0,0.1,6638.3
03/01/2026,15:45,[15:30-15:45[,4757.2,2327.5,305.4,325.6,0.0,660.0,118.9,0.0,27.7,0.0,1946.0,0.0,11.0,0.1,6580.5
03/01/2026,16:00,[15:45-16:00[,5042.3,2304.8,260.8,324.1,0.0,756.8,117.1,0.0,27.6,0.0,2264.6,0.0,2.0,0.1,6564.4
03/01/2026,16:15,[16:00-16:15[,5313.6,2273.9,209.8,323.8,0.0,764.4,116.0,0.0,28.1,0.0,2415.2,0.0,0.0,0.1,6607.4
03/01/2026,16:30,[16:15-16:30[,5278.1,2269.3,147.7,320.7,0.0,849.2,116.1,0.0,28.5,0.0,2353.1,0.0,0.0,0.1,6650.2
03/01/2026,16:45,[16:30-16:45[,5331.0,2274.9,87.4,322.9,0.0,847.2,116.3,0.0,28.7,0.0,2298.6,0.0,0.0,0.1,6702.8
03/01/2026,17:00,[16:45-17:00[,5402.1,2322.4,41.3,320.8,0.0,808.0,116.5,0.0,28.0,0.0,2281.0,0.0,0.0,0.1,6751.2
03/01/2026,17:15,[17:00-17:15[,5231.2,2294.2,12.7,319.0,0.0,774.8,117.2,0.0,27.5,0.0,1895.5,0.0,0.0,0.1,6874.8
03/01/2026,17:30,[17:15-17:30[,5404.5,2265.0,1.1,323.5,0.0,764.0,117.4,0.0,27.6,0.0,1868.7,0.0,0.0,0.1,7028.0
03/01/2026,17:45,[17:30-17:45[,5736.0,2281.8,0.1,325.5,0.0,796.4,117.9,0.0,27.2,0.0,2046.2,0.0,0.0,0.1,7232.6
03/01/2026,18:00,[17:45-18:00[,5588.2,2310.6,0.0,324.2,0.0,813.6,117.5,0.0,25.7,0.0,1776.8,0.0,0.0,0.2,7396.6
03/01/2026,18:15,[18:00-18:15[,5222.3,2378.5,0.0,322.7,0.0,734.8,117.7,0.0,26.1,0.0,1296.6,0.0,0.0,0.1,7499.3
03/01/2026,18:30,[18:15-18:30[,5229.7,2439.8,0.0,317.4,0.0,679.6,117.8,0.0,26.9,0.0,1242.6,0.0,0.0,0.1,7562.4
03/01/2026,18:45,[18:30-18:45[,5143.3,2507.6,0.0,316.7,0.0,746.8,121.1,0.0,27.3,0.0,1256.0,0.0,0.0,0.1,7600.8
03/01/2026,19:00,[18:45-19:00[,5091.0,2521.2,0.0,326.4,0.0,791.6,121.8,0.0,28.2,0.0,1139.2,0.8,0.0,0.1,7733.9
03/01/2026,19:15,[19:00-19:15[,4464.4,2506.6,0.0,330.0,0.0,814.8,121.5,0.0,28.3,0.0,432.2,0.2,0.0,0.1,7825.6
03/01/2026,19:30,[19:15-19:30[,4397.0,2549.2,0.0,329.2,0.0,748.8,121.9,0.0,27.5,0.0,305.8,0.5,0.0,0.2,7860.5
03/01/2026,19:45,[19:30-19:45[,4592.1,2552.8,0.0,328.0,0.0,730.4,121.6,0.0,27.8,0.0,493.1,0.0,0.0,0.1,7852.1
03/01/2026,20:00,[19:45-20:00[,4614.8,2480.1,0.0,327.9,0.0,790.0,121.7,0.0,27.7,0.0,502.1,0.0,0.0,0.1,7852.9
03/01/2026,20:15,[20:00-20:15[,4511.8,2437.5,0.0,327.9,0.0,766.4,121.9,0.0,26.2,0.0,342.3,0.0,0.0,0.1,7842.8
03/01/2026,20:30,[20:15-20:30[,4114.6,2467.4,0.0,328.6,0.0,782.8,122.1,0.0,26.6,0.0,86.4,0.0,0.0,0.1,7749.3
03/01/2026,20:45,[20:30-20:45[,3951.3,2499.6,0.0,325.6,0.0,771.2,122.1,0.0,26.8,0.0,33.4,0.0,0.0,0.1,7656.0
03/01/2026,21:00,[20:45-21:00[,3636.3,2479.5,0.0,327.7,0.0,656.4,121.9,0.0,27.1,349.1,0.0,0.0,0.0,0.1,7587.8
03/01/2026,21:15,[21:00-21:15[,4157.8,2470.1,0.0,329.2,0.0,658.0,122.6,0.0,28.6,0.0,315.7,0.0,0.0,0.2,7439.2
03/01/2026,21:30,[21:15-21:30[,3856.3,2460.8,0.0,330.4,0.0,644.8,121.7,0.0,28.8,0.0,92.5,0.0,0.0,0.1,7338.2
03/01/2026,21:45,[21:30-21:45[,3801.3,2465.2,0.0,326.9,0.0,634.4,121.0,0.0,26.3,0.0,153.2,0.0,0.0,0.1,7211.3
03/01/2026,22:00,[21:45-22:00[,3233.2,2460.4,0.0,324.7,0.0,636.8,115.0,0.0,26.5,303.9,0.0,0.0,0.0,0.2,7088.1
03/01/2026,22:15,[22:00-22:15[,3303.6,2423.5,0.0,322.3,0.0,672.4,103.3,0.0,26.2,215.9,0.0,0.0,0.0,0.1,7056.2
03/01/2026,22:30,[22:15-22:30[,3092.0,2358.4,0.0,324.2,0.0,666.0,102.2,0.0,27.0,357.1,0.0,0.0,3.0,0.1,6917.9
03/01/2026,22:45,[22:30-22:45[,2953.1,2269.2,0.0,323.1,0.0,701.2,102.3,0.0,27.3,447.2,0.0,0.0,0.0,0.1,6811.1
03/01/2026,23:00,[22:45-23:00[,2673.3,2173.0,0.0,321.6,0.0,676.4,102.6,0.0,26.5,617.4,0.0,0.0,0.0,0.2,6581.0
03/01/2026,23:15,[23:00-23:15[,3634.1,2080.7,0.0,320.2,0.0,643.2,102.9,0.0,26.3,0.0,334.2,0.0,0.0,0.1,6464.4
03/01/2026,23:30,[23:15-23:30[,3452.1,2022.3,0.0,322.4,0.0,623.2,103.7,0.0,26.6,0.0,226.1,0.0,0.0,0.1,6316.2
03/01/2026,23:45,[23:30-23:45[,3459.9,1948.0,0.0,325.2,0.0,598.8,103.4,0.0,27.8,0.0,299.9,0.0,1.0,0.1,6155.7
03/01/2026,23:59,[23:45-00:00[,2866.1,1843.5,0.0,326.1,0.0,561.2,102.4,0.0,26.9,231.7,0.0,0.0,10.0,0.1,5957.7
04/01/2026,00:15,[00:00-00:15[,2549.6,1756.5,0.0,328.0,0.0,643.6,103.4,0.0,27.9,502.3,0.0,56.9,1.0,0.1,5844.9
04/01/2026,00:30,[00:15-00:30[,2499.6,1707.5,0.0,323.8,0.0,677.6,103.1,0.0,28.2,820.0,0.0,446.1,0.0,0.1,5701.7
04/01/2026,00:45,[00:30-00:45[,2450.9,1651.8,0.0,324.4,0.0,675.6,102.8,0.0,28.6,978.5,0.0,660.1,0.0,0.2,5538.4
04/01/2026,01:00,[00:45-01:00[,2081.5,1620.8,0.0,325.5,0.0,662.4,102.8,0.0,28.9,1456.6,0.0,836.1,0.0,0.1,5427.1
04/01/2026,01:15,[01:00-01:15[,2176.5,1619.8,0.0,323.4,0.0,636.8,102.4,0.0,28.9,1897.0,0.0,1449.8,0.0,0.1,5319.2
04/01/2026,01:30,[01:15-01:30[,1919.3,1574.6,0.0,324.0,0.0,629.6,103.6,0.0,29.2,2154.8,0.0,1521.7,0.0,0.2,5196.3
04/01/2026,01:45,[01:30-01:45[,1872.9,1563.4,0.0,323.9,0.0,609.6,103.4,0.0,29.0,2115.8,0.0,1524.1,0.0,0.1,5076.3
04/01/2026,02:00,[01:45-02:00[,1871.5,1568.2,0.0,321.6,0.0,633.6,102.8,0.0,29.0,2040.9,0.0,1518.9,0.0,0.1,5032.1
04/01/2026,02:15,[02:00-02:15[,1908.9,1563.8,0.0,323.3,0.0,612.0,102.6,0.0,28.8,1939.6,0.0,1531.5,0.0,0.1,4928.8
04/01/2026,02:30,[02:15-02:30[,1959.5,1569.9,0.0,320.0,0.0,558.4,102.3,0.0,29.5,1872.1,0.0,1553.1,0.0,0.2,4842.5
04/01/2026,02:45,[02:30-02:45[,1956.4,1559.4,0.0,324.0,0.0,583.2,102.3,0.0,29.8,1805.0,0.0,1540.1,0.0,0.1,4803.8
04/01/2026,03:00,[02:45-03:00[,1944.7,1585.6,0.0,322.6,0.0,570.0,102.8,0.0,29.4,1731.6,0.0,1549.3,0.0,0.1,4720.0
04/01/2026,03:15,[03:00-03:15[,1622.1,1607.7,0.0,325.1,0.0,538.8,103.4,0.0,29.5,1722.6,0.0,1233.5,0.0,0.2,4699.2
04/01/2026,03:30,[03:15-03:30[,1554.8,1642.2,0.0,325.2,0.0,534.8,102.4,0.0,29.3,1699.7,0.0,1219.7,0.0,0.1,4651.7
04/01/2026,03:45,[03:30-03:45[,1554.1,1619.3,0.0,323.1,0.0,508.8,102.1,0.0,29.5,1796.2,0.0,1351.7,0.0,0.1,4563.6
04/01/2026,04:00,[03:45-04:00[,1503.0,1611.8,0.0,322.4,0.0,591.6,102.2,0.0,29.0,1887.1,0.0,1454.3,0.0,0.1,4575.2
04/01/2026,04:15,[04:00-04:15[,1456.2,1640.4,0.0,321.6,0.0,595.2,102.2,0.0,29.4,1877.2,0.0,1457.6,0.0,0.2,4547.2
04/01/2026,04:30,[04:15-04:30[,1415.3,1665.6,0.0,311.8,0.0,548.0,102.7,0.0,28.5,1905.5,0.0,1468.5,0.0,0.1,4492.5
04/01/2026,04:45,[04:30-04:45[,1381.1,1673.2,0.0,312.8,0.0,568.8,103.3,0.0,28.3,1931.4,0.0,1456.8,0.0,0.1,4523.9
04/01/2026,05:00,[04:45-05:00[,1388.6,1702.1,0.0,313.4,0.0,545.6,102.9,0.0,27.6,1883.0,0.0,1467.8,0.0,0.1,4479.7
04/01/2026,05:15,[05:00-05:15[,1521.5,1758.6,0.0,315.5,0.0,531.6,102.5,0.0,27.7,1753.7,0.0,1474.6,0.0,0.2,4519.6
04/01/2026,05:30,[05:15-05:30[,1340.4,1755.4,0.0,314.3,0.0,570.4,105.3,0.0,26.8,1750.7,0.0,1337.2,0.0,0.1,4509.3
04/01/2026,05:45,[05:30-05:45[,1367.2,1742.7,0.0,319.1,0.0,634.4,104.0,0.0,26.3,1636.5,0.0,1322.3,0.0,0.1,4493.1
04/01/2026,06:00,[05:45-06:00[,1403.9,1724.5,0.0,322.9,0.0,608.8,103.5,0.0,26.7,1603.7,0.0,1259.2,0.0,0.1,4517.6
04/01/2026,06:15,[06:00-06:15[,1429.9,1710.1,0.0,323.6,0.0,541.2,104.0,0.0,26.2,1628.6,0.0,1213.9,0.0,0.2,4534.5
04/01/2026,06:30,[06:15-06:30[,1479.1,1712.1,0.0,321.1,0.0,557.6,102.9,0.0,26.3,1628.8,0.0,1212.5,0.0,0.1,4600.4
04/01/2026,06:45,[06:30-06:45[,1473.2,1671.4,0.0,320.4,0.0,601.6,103.1,0.0,28.0,1679.0,0.0,1199.4,0.0,0.1,4659.9
04/01/2026,07:00,[06:45-07:00[,1471.9,1681.6,0.0,320.9,0.0,569.6,102.9,0.0,28.6,1677.5,0.0,1209.2,0.0,0.1,4627.5
04/01/2026,07:15,[07:00-07:15[,1510.4,1699.8,0.0,321.8,0.0,574.8,102.8,0.0,28.4,1736.2,0.0,1209.3,0.0,0.2,4748.3
04/01/2026,07:30,[07:15-07:30[,1504.3,1682.3,0.0,322.7,0.0,604.8,103.0,0.0,28.4,1750.8,0.0,1200.5,0.0,0.1,4780.4
04/01/2026,07:45,[07:30-07:45[,1536.0,1727.4,0.0,323.0,0.0,538.4,102.6,0.0,27.7,1735.5,0.0,1214.5,0.0,0.1,4759.9
04/01/2026,08:00,[07:45-08:00[,1506.9,1791.1,0.9,318.4,0.0,500.4,102.4,0.0,26.0,1760.5,0.0,1223.7,1.0,0.1,4767.8
04/01/2026,08:15,[08:00-08:15[,1339.5,1842.2,15.4,314.3,0.0,660.0,102.3,0.0,25.1,1814.5,0.0,1270.1,11.0,0.1,4834.3
04/01/2026,08:30,[08:15-08:30[,1408.3,1921.7,68.2,309.7,0.0,589.2,102.7,0.0,23.2,1846.9,0.0,1301.8,12.0,0.1,4963.7
04/01/2026,08:45,[08:30-08:45[,1358.8,1994.5,150.9,310.9,0.0,541.2,102.6,0.0,24.3,1866.9,0.0,1328.7,11.1,0.1,5016.3
04/01/2026,09:00,[08:45-09:00[,1421.4,1988.8,257.7,312.8,0.0,515.6,101.9,0.0,26.1,1857.9,0.0,1334.0,1.8,0.1,5132.8
04/01/2026,09:15,[09:00-09:15[,1319.4,1964.5,461.4,315.2,0.0,526.0,101.2,0.0,27.8,1906.1,0.0,1330.9,0.1,0.1,5275.0
04/01/2026,09:30,[09:15-09:30[,1272.2,1966.0,679.4,318.0,0.0,455.6,101.3,0.0,28.2,1885.2,0.0,1345.2,0.0,0.4,5343.9
04/01/2026,09:45,[09:30-09:45[,1212.9,1926.8,819.3,322.2,0.0,487.6,102.8,0.0,28.2,1826.9,0.0,1224.5,0.0,3.6,5481.2
04/01/2026,10:00,[09:45-10:00[,1225.6,1912.2,936.5,322.4,0.0,572.0,105.7,0.0,28.4,1713.7,0.0,1208.7,0.0,4.5,5588.4
04/01/2026,10:15,[10:00-10:15[,1167.7,1866.0,1154.8,319.5,0.0,489.6,105.1,0.0,28.2,1708.8,0.0,1221.9,0.0,5.2,5596.9
04/01/2026,10:30,[10:15-10:30[,1161.4,1815.6,1305.4,324.1,0.0,460.4,105.3,0.0,29.7,1747.9,0.0,1233.5,0.0,12.1,5688.6
04/01/2026,10:45,[10:30-10:45[,1173.7,1776.1,1522.9,320.6,0.0,466.0,105.2,0.0,28.8,1857.9,0.0,1454.6,0.0,12.1,5768.4
04/01/2026,11:00,[10:45-11:00[,1105.2,1728.7,1570.7,323.0,0.0,488.4,105.0,0.0,30.0,2023.8,0.0,1530.5,0.0,12.1,5813.7
04/01/2026,11:15,[11:00-11:15[,1189.7,1649.5,1636.5,323.6,0.0,595.2,106.0,0.0,29.0,2111.6,0.0,1746.6,0.0,12.1,5863.2
04/01/2026,11:30,[11:15-11:30[,1089.0,1577.0,1760.2,324.5,0.0,553.2,106.2,0.0,30.0,2340.9,0.0,1859.6,0.0,12.1,5890.6
04/01/2026,11:45,[11:30-11:45[,1044.7,1487.5,1981.7,324.0,0.0,469.2,104.8,0.0,31.3,2394.5,0.0,1887.5,0.0,12.1,5920.2
04/01/2026,12:00,[11:45-12:00[,1045.2,1406.0,2122.7,320.5,0.0,456.8,105.2,0.0,29.9,2305.5,0.0,1771.0,0.0,11.6,5990.9
04/01/2026,12:15,[12:00-12:15[,1026.2,1310.6,2179.9,318.8,0.0,487.6,104.7,0.0,29.4,2408.2,0.0,1759.8,0.0,5.0,6081.9
04/01/2026,12:30,[12:15-12:30[,1073.7,1224.3,2172.5,319.6,0.0,591.2,103.8,0.0,29.0,2401.1,0.0,1839.4,0.0,0.1,6056.6
04/01/2026,12:45,[12:30-12:45[,1081.2,1220.2,2122.7,320.6,0.0,622.8,104.5,0.0,29.2,2202.9,0.0,1591.6,0.0,0.1,6093.7
04/01/2026,13:00,[12:45-13:00[,1063.3,1189.4,2147.7,321.3,0.0,595.2,109.3,0.0,29.5,2103.0,0.0,1438.9,0.0,0.1,6102.4
04/01/2026,13:15,[13:00-13:15[,985.3,1142.4,2220.1,323.2,0.0,525.2,107.1,0.0,28.5,2067.0,0.0,1331.5,0.0,0.1,6050.2
04/01/2026,13:30,[13:15-13:30[,930.6,1149.4,2173.0,326.8,0.0,502.4,104.4,0.0,29.2,2074.2,0.0,1333.0,0.0,0.1,5940.7
04/01/2026,13:45,[13:30-13:45[,1018.1,1097.1,2142.7,327.0,0.0,549.2,104.3,0.0,30.9,1994.5,0.0,1322.5,0.0,0.1,5924.8
04/01/2026,14:00,[13:45-14:00[,1047.6,1029.6,2110.6,325.8,0.0,565.2,103.7,0.0,30.3,1995.0,0.0,1320.3,0.0,0.1,5871.7
04/01/2026,14:15,[14:00-14:15[,1044.8,1021.8,2008.8,328.4,0.0,545.6,103.6,0.0,29.2,2052.0,0.0,1323.4,0.0,0.1,5793.6
04/01/2026,14:30,[14:15-14:30[,1040.7,1011.4,1905.4,323.2,0.0,516.8,103.5,0.0,27.8,2201.0,0.0,1295.5,0.0,0.1,5816.8
04/01/2026,14:45,[14:30-14:45[,1180.2,1040.2,1840.6,321.3,0.0,461.6,102.9,0.0,27.3,2082.2,0.0,1226.2,0.0,0.1,5814.5
04/01/2026,15:00,[14:45-15:00[,1340.7,1081.5,1779.6,318.4,0.0,406.8,102.9,0.0,27.1,2050.2,0.0,1241.9,0.0,0.1,5849.1
04/01/2026,15:15,[15:00-15:15[,1225.4,1140.9,1592.5,319.7,0.0,414.4,108.0,0.0,27.3,2172.4,0.0,1174.1,0.0,0.1,5812.6
04/01/2026,15:30,[15:15-15:30[,1337.1,1202.4,1364.6,321.5,0.0,542.8,112.0,0.0,28.3,2059.5,0.0,1119.6,0.0,0.1,5833.8
04/01/2026,15:45,[15:30-15:45[,1424.3,1241.5,1189.7,327.7,0.0,495.2,112.1,0.0,29.3,1519.6,0.0,445.0,0.0,0.1,5882.3
04/01/2026,16:00,[15:45-16:00[,1701.8,1303.6,949.3,325.4,0.0,531.6,112.2,0.0,29.8,1375.6,0.0,437.4,0.0,0.1,5880.8
04/01/2026,16:15,[16:00-16:15[,1550.0,1332.9,750.0,323.0,0.0,563.2,109.1,0.0,30.3,1743.2,0.0,437.1,0.0,0.1,5952.6
04/01/2026,16:30,[16:15-16:30[,1752.2,1381.1,530.2,325.3,0.0,725.6,109.8,0.0,29.6,1642.4,0.0,436.8,0.0,0.1,6046.7
04/01/2026,16:45,[16:30-16:45[,2026.6,1453.6,332.4,325.5,0.0,671.6,110.0,0.0,28.7,1415.7,0.0,225.6,0.0,0.1,6127.7
04/01/2026,17:00,[16:45-17:00[,2349.7,1562.3,159.0,324.7,0.0,551.2,110.0,0.0,29.2,1119.9,0.0,13.9,0.0,0.1,6182.6
04/01/2026,17:15,[17:00-17:15[,2979.6,1682.5,55.3,319.4,0.0,582.4,109.8,0.0,29.1,627.4,0.0,0.0,0.0,0.1,6376.8
04/01/2026,17:30,[17:15-17:30[,3462.8,1808.4,9.5,315.3,0.0,567.6,109.3,0.0,28.2,249.7,0.0,0.0,0.0,0.1,6542.7
04/01/2026,17:45,[17:30-17:45[,3720.9,1939.9,0.2,315.5,0.0,632.4,109.3,0.0,28.5,112.9,0.0,0.0,0.0,0.1,6851.2
04/01/2026,18:00,[17:45-18:00[,3879.0,2067.7,0.1,316.9,0.0,644.4,110.0,0.0,27.5,32.8,0.0,0.0,0.0,0.1,7069.2
04/01/2026,18:15,[18:00-18:15[,3464.0,2175.1,0.0,315.0,0.0,590.0,109.9,0.0,27.3,507.3,0.0,0.0,0.0,0.1,7179.7
04/01/2026,18:30,[18:15-18:30[,3674.7,2218.1,0.0,314.4,0.0,577.2,110.3,0.0,28.2,369.4,0.0,0.0,0.0,0.1,7282.9
04/01/2026,18:45,[18:30-18:45[,3881.4,2259.0,0.0,318.0,0.0,587.6,110.0,0.0,27.9,219.6,0.0,0.0,0.0,0.1,7395.3
04/01/2026,19:00,[18:45-19:00[,4166.7,2324.1,0.0,317.1,0.0,617.6,110.5,0.0,27.9,0.0,32.5,0.0,0.0,0.1,7522.8
04/01/2026,19:15,[19:00-19:15[,4439.3,2376.9,0.0,320.4,0.0,662.8,112.3,0.0,28.2,0.0,214.2,0.0,0.0,0.1,7717.7
04/01/2026,19:30,[19:15-19:30[,4462.1,2388.9,0.0,319.3,0.0,669.2,116.3,0.0,27.6,0.0,198.7,0.0,0.0,0.1,7776.5
04/01/2026,19:45,[19:30-19:45[,4659.4,2437.9,0.0,315.9,0.0,674.8,123.0,0.0,27.5,0.0,329.4,0.0,0.0,0.1,7901.0
04/01/2026,20:00,[19:45-20:00[,4715.3,2474.0,0.0,314.1,0.0,687.2,125.3,0.0,27.7,0.0,391.5,0.0,0.0,0.1,7944.1
04/01/2026,20:15,[20:00-20:15[,4973.1,2482.7,0.0,313.7,0.0,720.4,128.9,0.0,28.1,0.0,638.9,0.0,12.0,0.1,8012.8
04/01/2026,20:30,[20:15-20:30[,4983.7,2445.6,0.0,309.1,0.0,709.2,131.1,0.0,27.0,0.0,658.6,0.0,12.0,0.1,7952.3
04/01/2026,20:45,[20:30-20:45[,4954.1,2460.7,0.0,307.0,0.0,730.8,133.7,0.0,26.0,0.0,653.7,0.0,0.0,0.2,7950.2
04/01/2026,21:00,[20:45-21:00[,4920.0,2477.4,0.0,307.3,0.0,718.8,134.5,0.0,26.0,0.0,688.1,0.0,0.0,0.9,7887.8
04/01/2026,21:15,[21:00-21:15[,5012.6,2485.5,0.0,309.8,0.0,631.2,135.3,0.0,26.9,0.0,860.2,0.0,0.0,0.2,7733.7
04/01/2026,21:30,[21:15-21:30[,4752.3,2505.7,0.0,309.6,0.0,610.8,135.4,0.0,27.5,0.0,665.1,0.0,0.0,0.1,7668.4
04/01/2026,21:45,[21:30-21:45[,4131.8,2512.3,0.0,306.0,0.0,644.4,135.4,0.0,26.9,0.0,187.7,0.0,0.0,0.2,7561.3
04/01/2026,22:00,[21:45-22:00[,3583.3,2541.9,0.0,307.6,0.0,611.2,135.7,0.0,27.7,118.3,0.0,0.0,0.0,1.0,7314.9
04/01/2026,22:15,[22:00-22:15[,3933.7,2583.4,0.0,308.2,0.0,572.8,135.7,0.0,27.7,0.0,348.6,0.0,0.0,1.0,7204.2
04/01/2026,22:30,[22:15-22:30[,3427.9,2590.3,0.0,309.4,0.0,608.4,135.8,0.0,28.4,0.0,48.2,0.0,0.0,0.2,7042.2
04/01/2026,22:45,[22:30-22:45[,2737.1,2626.2,0.0,312.6,0.0,551.6,135.6,0.0,29.5,483.4,0.0,0.0,0.0,0.1,6866.0
04/01/2026,23:00,[22:45-23:00[,2350.7,2692.3,0.0,312.9,0.0,536.0,135.6,0.0,30.4,901.2,0.0,275.2,0.0,0.9,6670.5
04/01/2026,23:15,[23:00-23:15[,2041.7,2737.2,0.0,311.2,0.0,534.4,135.7,0.0,28.6,819.8,0.0,129.6,0.0,0.1,6463.3
04/01/2026,23:30,[23:15-23:30[,1998.5,2797.9,0.0,308.9,0.0,487.6,135.7,0.0,28.6,1117.8,0.0,552.9,0.0,0.1,6307.2
04/01/2026,23:45,[23:30-23:45[,2004.7,2823.5,0.0,308.1,0.0,526.0,135.9,0.0,28.2,1107.8,0.0,774.2,0.0,1.0,6142.1
04/01/2026,23:59,[23:45-00:00[,1928.1,2886.5,0.0,308.9,0.0,556.8,135.6,0.0,28.4,1401.5,0.0,1272.6,0.0,1.1,5956.5
05/01/2026,00:15,[00:00-00:15[,1805.2,2948.8,0.0,302.5,0.0,508.8,135.8,0.0,24.2,1228.0,0.0,1133.2,0.0,1.0,5805.3
05/01/2026,00:30,[00:15-00:30[,1728.6,3017.3,0.0,306.8,0.0,447.2,136.5,0.0,26.3,1371.5,0.0,1371.1,0.0,1.0,5644.4
05/01/2026,00:45,[00:30-00:45[,1801.4,3025.8,0.0,306.7,0.0,524.4,137.1,0.0,27.2,1154.9,0.0,1463.0,0.0,1.0,5496.8
05/01/2026,01:00,[00:45-01:00[,1780.3,3039.3,0.0,310.7,0.0,534.4,137.1,0.0,27.8,1147.6,0.0,1539.6,0.0,1.0,5419.6
05/01/2026,01:15,[01:00-01:15[,1595.9,3025.5,0.0,308.8,0.0,608.0,136.5,0.0,28.3,1188.0,0.0,1611.6,0.0,1.1,5262.5
05/01/2026,01:30,[01:15-01:30[,1643.5,3055.8,0.0,309.4,0.0,581.6,136.2,0.0,29.0,1080.1,0.0,1635.9,0.0,1.1,5181.8
05/01/2026,01:45,[01:30-01:45[,1548.0,3113.6,0.0,312.3,0.0,566.4,136.3,0.0,29.9,1225.2,0.0,1809.5,0.0,1.0,5101.9
05/01/2026,02:00,[01:45-02:00[,1534.5,3108.0,0.0,310.2,0.0,525.2,136.5,0.0,29.2,1387.9,0.0,2039.1,0.0,1.0,4972.7
05/01/2026,02:15,[02:00-02:15[,1423.8,3144.3,0.0,309.7,0.0,605.2,136.7,0.0,29.9,1380.6,0.0,2053.4,0.0,1.1,4956.6
05/01/2026,02:30,[02:15-02:30[,1412.4,3169.8,0.0,308.5,0.0,558.8,136.4,0.0,29.8,1380.9,0.0,2074.6,0.0,1.0,4900.7
05/01/2026,02:45,[02:30-02:45[,1382.1,3187.3,0.0,310.1,0.0,532.0,136.7,0.0,29.8,1372.3,0.0,2089.6,0.0,1.0,4840.5
05/01/2026,03:00,[02:45-03:00[,1363.5,3231.7,0.0,313.1,0.0,550.0,136.4,0.0,29.7,1302.4,0.0,2083.3,0.0,1.0,4823.9
05/01/2026,03:15,[03:00-03:15[,1319.2,3244.0,0.0,316.0,0.0,606.4,137.0,0.0,29.2,1226.0,0.0,2047.1,0.0,1.0,4810.5
05/01/2026,03:30,[03:15-03:30[,1294.4,3319.6,0.0,311.6,0.0,607.2,136.6,0.0,29.0,1179.7,0.0,2051.3,0.0,1.0,4806.7
05/01/2026,03:45,[03:30-03:45[,1296.8,3366.1,0.0,310.5,0.0,564.4,136.6,0.0,29.0,1107.1,0.0,2004.6,0.0,1.0,4786.3
05/01/2026,04:00,[03:45-04:00[,1296.8,3401.5,0.0,313.6,0.0,513.6,137.3,0.0,29.4,993.3,0.0,1924.5,0.0,1.0,4739.9
05/01/2026,04:15,[04:00-04:15[,1177.1,3417.0,0.0,309.5,0.0,548.0,136.7,0.0,29.5,756.4,0.0,1609.8,0.0,1.0,4744.0
05/01/2026,04:30,[04:15-04:30[,1196.4,3432.0,0.0,311.7,0.0,591.2,136.8,0.0,29.5,455.0,0.0,1398.1,0.0,1.0,4736.6
05/01/2026,04:45,[04:30-04:45[,1216.5,3428.0,0.0,312.8,0.0,614.8,137.3,0.0,30.0,437.5,0.0,1403.1,0.0,1.0,4754.8
05/01/2026,05:00,[04:45-05:00[,1209.0,3407.3,0.0,306.0,0.0,582.0,137.9,0.0,29.0,131.6,0.0,1030.3,0.0,1.0,4752.8
05/01/2026,05:15,[05:00-05:15[,1204.8,3492.8,0.0,306.1,0.0,510.0,138.1,0.0,29.3,91.5,0.0,960.6,0.0,1.0,4793.7
05/01/2026,05:30,[05:15-05:30[,1126.2,3538.5,0.0,306.1,0.0,427.6,139.4,0.0,29.1,0.0,38.8,687.6,0.0,1.0,4824.4
05/01/2026,05:45,[05:30-05:45[,1209.1,3555.0,0.0,303.8,0.0,588.4,139.0,0.0,28.8,0.0,274.9,629.5,0.0,1.0,4903.4
05/01/2026,06:00,[05:45-06:00[,1620.8,3534.6,0.0,303.0,0.0,599.2,138.6,0.0,29.3,0.0,710.9,550.1,0.0,0.1,4949.9
05/01/2026,06:15,[06:00-06:15[,1757.5,3493.9,0.0,309.4,0.0,668.8,139.1,0.0,29.3,0.0,759.0,397.4,0.0,0.0,5228.8
05/01/2026,06:30,[06:15-06:30[,1973.3,3477.9,0.0,309.5,0.0,630.0,139.8,0.0,28.3,0.0,945.6,215.1,0.0,0.1,5384.9
05/01/2026,06:45,[06:30-06:45[,2318.9,3519.9,0.0,310.3,0.0,530.0,140.7,0.0,29.0,0.0,1241.9,6.1,0.0,0.1,5590.5
05/01/2026,07:00,[06:45-07:00[,2537.4,3575.8,0.0,308.9,0.0,521.2,145.4,0.0,28.1,0.0,1296.1,0.0,0.0,0.0,5811.5
05/01/2026,07:15,[07:00-07:15[,2766.7,3603.4,0.0,310.5,0.0,546.8,163.8,0.0,27.5,0.0,1293.4,0.0,0.0,0.1,6115.7
05/01/2026,07:30,[07:15-07:30[,3210.0,3589.4,0.0,301.4,0.0,650.4,169.5,0.0,28.7,0.0,1480.7,0.0,0.0,0.0,6458.4
05/01/2026,07:45,[07:30-07:45[,3585.7,3531.0,0.1,305.3,0.0,598.8,169.7,0.0,28.5,0.0,1547.2,0.0,0.0,0.1,6662.8
05/01/2026,08:00,[07:45-08:00[,3717.9,3479.8,3.7,307.6,0.0,548.0,171.8,0.0,28.5,0.0,1429.9,0.0,0.0,0.1,6818.3
05/01/2026,08:15,[08:00-08:15[,3983.4,3407.0,39.1,309.8,0.0,705.6,172.3,0.0,30.2,0.0,1439.5,0.0,0.0,0.1,7197.8
05/01/2026,08:30,[08:15-08:30[,4038.2,3313.4,178.9,308.2,0.0,750.4,173.1,0.0,29.2,0.0,1317.1,0.0,0.0,0.1,7465.0
05/01/2026,08:45,[08:30-08:45[,4035.2,3277.5,396.5,312.1,0.0,641.6,174.4,0.0,30.7,0.0,1212.6,0.0,0.0,0.0,7646.1
05/01/2026,09:00,[08:45-09:00[,3972.6,3268.5,677.1,316.1,0.0,436.8,176.2,0.0,30.8,0.0,1108.8,0.0,0.0,0.1,7759.1
05/01/2026,09:15,[09:00-09:15[,4019.2,3206.5,974.2,312.1,0.0,606.4,176.1,0.0,30.2,0.0,1442.1,0.0,0.0,0.0,7874.2
05/01/2026,09:30,[09:15-09:30[,3587.1,3195.2,1278.3,310.7,0.0,541.6,175.8,0.0,30.1,0.0,1185.6,0.0,0.0,0.1,7923.4
05/01/2026,09:45,[09:30-09:45[,3248.2,3149.0,1572.0,313.4,0.0,475.2,176.0,0.0,28.8,0.0,1049.1,0.0,0.0,0.1,7903.5
05/01/2026,10:00,[09:45-10:00[,2558.6,3069.4,1819.0,317.7,0.0,488.0,175.6,0.0,30.2,0.0,633.8,0.0,0.0,0.1,7811.3
05/01/2026,10:15,[10:00-10:15[,2442.4,3009.9,2020.1,318.2,0.0,485.6,174.5,0.0,29.4,0.0,557.2,176.2,0.0,0.1,7731.4
05/01/2026,10:30,[10:15-10:30[,2455.1,2921.7,2187.0,319.0,0.0,598.4,175.5,0.0,29.2,0.0,333.4,619.0,0.0,0.1,7718.2
05/01/2026,10:45,[10:30-10:45[,2174.3,2880.7,2302.4,318.7,0.0,616.4,177.1,0.0,29.9,0.0,128.6,710.4,0.0,0.0,7645.1
05/01/2026,11:00,[10:45-11:00[,1975.9,2819.3,2386.9,318.7,0.0,602.0,177.2,0.0,30.3,68.9,0.0,708.0,0.0,0.1,7656.2
05/01/2026,11:15,[11:00-11:15[,1812.8,2741.8,2443.2,324.0,0.0,644.0,176.1,0.0,29.8,77.9,0.0,614.4,0.0,0.1,7617.6
05/01/2026,11:30,[11:15-11:30[,1678.5,2666.0,2494.7,327.2,0.0,636.0,174.3,0.0,30.8,73.4,0.0,492.1,0.0,0.0,7569.1
05/01/2026,11:45,[11:30-11:45[,1596.2,2550.2,2530.3,327.2,0.0,648.8,175.3,0.0,30.8,152.0,0.0,426.4,0.0,0.1,7564.6
05/01/2026,12:00,[11:45-12:00[,1662.0,2476.7,2533.8,329.5,0.0,686.0,175.2,0.0,30.8,185.3,0.0,521.9,0.0,0.0,7536.8
05/01/2026,12:15,[12:00-12:15[,1664.3,2438.3,2544.1,332.9,0.0,633.6,175.7,0.0,29.7,160.6,0.0,521.0,0.0,0.1,7443.2
05/01/2026,12:30,[12:15-12:30[,1592.2,2410.4,2552.2,337.5,0.0,696.0,174.1,0.0,30.5,185.3,0.0,520.9,0.0,0.1,7443.7
05/01/2026,12:45,[12:30-12:45[,1521.0,2395.4,2567.7,334.9,0.0,705.2,172.9,0.0,31.1,128.4,0.0,521.0,0.0,0.2,7319.9
05/01/2026,13:00,[12:45-13:00[,1435.8,2417.0,2562.9,335.7,0.0,683.2,175.0,0.0,30.3,172.0,0.0,521.2,0.0,0.1,7272.7
05/01/2026,13:15,[13:00-13:15[,1370.5,2446.1,2563.5,335.8,0.0,703.6,176.2,0.0,30.0,203.8,0.0,521.4,0.0,2.8,7284.9
05/01/2026,13:30,[13:15-13:30[,1329.1,2480.7,2560.7,331.8,0.0,740.0,176.5,0.0,29.8,235.7,0.0,603.7,0.0,4.9,7260.5
05/01/2026,13:45,[13:30-13:45[,1372.9,2489.6,2546.7,329.1,0.0,763.6,175.7,0.0,29.1,301.8,0.0,652.9,0.0,2.7,7337.1
05/01/2026,14:00,[13:45-14:00[,1415.8,2459.9,2515.5,327.3,0.0,837.2,176.2,0.0,29.5,373.9,0.0,728.2,0.4,2.1,7388.7
05/01/2026,14:15,[14:00-14:15[,1411.4,2464.6,2466.5,328.3,0.0,800.0,176.0,0.0,30.4,525.7,0.0,728.9,0.0,0.2,7455.9
05/01/2026,14:30,[14:15-14:30[,1363.7,2559.5,2391.5,331.9,0.0,801.2,177.0,0.0,29.9,634.8,0.0,727.2,0.0,0.1,7545.4
05/01/2026,14:45,[14:30-14:45[,1299.2,2595.5,2309.0,331.8,0.0,794.4,175.9,0.0,29.9,798.8,0.0,728.6,0.0,0.1,7586.1
05/01/2026,15:00,[14:45-15:00[,1288.0,2597.6,2189.5,333.6,0.0,840.4,175.3,0.0,30.2,940.9,0.0,727.7,0.0,0.7,7643.9
05/01/2026,15:15,[15:00-15:15[,1517.8,2626.6,2021.1,333.4,0.0,919.6,172.3,0.0,29.6,865.2,0.0,744.4,0.8,0.0,7728.2
05/01/2026,15:30,[15:15-15:30[,1703.6,2662.9,1823.9,328.1,0.0,854.4,169.8,0.0,28.6,542.8,0.0,387.1,0.0,0.4,7714.8
05/01/2026,15:45,[15:30-15:45[,1786.7,2667.5,1578.7,327.6,0.0,922.8,171.2,0.0,28.4,406.7,0.0,86.1,0.3,0.1,7793.9
05/01/2026,16:00,[15:45-16:00[,2358.3,2596.9,1288.3,323.8,0.0,980.0,171.5,0.0,29.3,132.9,0.0,0.0,0.6,0.0,7873.7
05/01/2026,16:15,[16:00-16:15[,2718.1,2538.2,983.8,329.6,0.0,1006.0,170.0,0.0,28.7,157.8,0.0,0.0,0.8,1.0,7924.0
05/01/2026,16:30,[16:15-16:30[,3203.8,2498.9,708.5,329.2,0.0,1156.8,170.8,0.0,29.6,0.0,72.5,0.0,2.3,0.1,8020.3
05/01/2026,16:45,[16:30-16:45[,4030.8,2414.2,448.7,338.5,0.0,1237.6,170.9,0.0,30.4,0.0,495.7,0.1,0.8,1.1,8168.7
05/01/2026,17:00,[16:45-17:00[,4810.1,2324.6,223.4,324.1,0.0,1336.4,172.8,0.0,29.6,0.0,895.9,0.0,1.9,0.8,8320.5
05/01/2026,17:15,[17:00-17:15[,5166.2,2271.1,71.4,329.1,0.0,1235.6,174.1,0.0,30.8,0.0,917.4,0.0,5.4,0.1,8360.9
05/01/2026,17:30,[17:15-17:30[,5491.3,2242.1,7.5,325.8,0.0,1242.0,177.6,0.0,30.3,0.0,984.3,0.1,5.4,0.0,8532.7
05/01/2026,17:45,[17:30-17:45[,5811.8,2249.2,0.3,332.1,0.0,1266.0,177.3,0.0,30.1,0.0,1070.3,0.2,4.2,0.1,8795.9
05/01/2026,18:00,[17:45-18:00[,5999.4,2302.0,0.1,335.7,0.0,1266.0,177.3,0.0,31.0,0.0,1084.4,0.2,0.9,0.1,9022.8
05/01/2026,18:15,[18:00-18:15[,5838.4,2343.3,0.0,339.7,0.0,1207.6,175.8,0.0,30.4,0.0,808.1,0.4,0.0,0.1,9122.9
05/01/2026,18:30,[18:15-18:30[,5878.7,2365.1,0.0,342.6,0.0,1220.8,177.6,0.0,30.8,0.0,755.5,0.0,0.0,0.1,9256.1
05/01/2026,18:45,[18:30-18:45[,5997.6,2415.0,0.0,343.3,0.0,1157.6,179.1,0.0,29.8,0.0,729.5,0.0,0.0,0.1,9389.2
05/01/2026,19:00,[18:45-19:00[,6132.2,2506.5,0.0,344.4,0.0,1120.8,177.7,0.0,29.8,0.0,755.2,0.0,0.1,0.1,9551.8
05/01/2026,19:15,[19:00-19:15[,5997.1,2591.9,0.0,345.1,0.0,1110.4,178.2,0.0,29.5,0.0,597.0,0.0,10.8,0.0,9662.0
05/01/2026,19:30,[19:15-19:30[,6029.5,2693.9,0.0,346.9,0.0,1098.0,179.3,0.0,31.3,0.0,580.6,0.0,0.7,1.7,9792.7
05/01/2026,19:45,[19:30-19:45[,5971.2,2838.3,0.0,344.5,0.0,1076.0,179.3,0.0,30.5,0.0,589.8,0.0,0.0,9.4,9836.7
05/01/2026,20:00,[19:45-20:00[,5746.9,2916.7,0.0,345.1,0.0,1208.0,179.8,0.0,30.9,0.0,568.0,0.0,0.0,1.0,9854.5
05/01/2026,20:15,[20:00-20:15[,5808.9,2951.3,0.0,346.3,0.0,1122.0,180.2,0.0,30.5,0.0,647.5,0.0,1.0,0.0,9788.2
05/01/2026,20:30,[20:15-20:30[,5572.5,3037.6,0.0,349.0,0.0,1151.2,179.7,0.0,30.8,0.0,617.7,0.0,9.0,0.0,9708.3
05/01/2026,20:45,[20:30-20:45[,5190.9,3110.8,0.0,344.4,0.0,1192.8,179.5,0.0,29.8,0.0,440.0,0.0,0.0,8.1,9595.4
05/01/2026,21:00,[20:45-21:00[,4929.4,3052.9,0.0,342.7,0.0,1187.6,179.0,0.0,28.7,0.0,205.6,0.2,10.0,0.0,9518.8
05/01/2026,21:15,[21:00-21:15[,5139.6,3060.8,0.0,344.5,0.0,1187.6,177.9,0.0,29.6,0.0,531.4,0.8,0.0,0.2,9402.9
05/01/2026,21:30,[21:15-21:30[,4794.4,3047.8,0.0,345.0,0.0,1277.2,176.0,0.0,30.6,0.0,395.4,0.0,0.0,0.8,9270.1
05/01/2026,21:45,[21:30-21:45[,4606.6,3040.4,0.0,348.0,0.0,1258.4,176.3,0.0,30.7,0.0,343.7,0.0,0.0,0.1,9111.0
05/01/2026,22:00,[21:45-22:00[,4269.6,3053.7,0.0,346.8,0.0,1172.8,175.7,0.0,30.9,0.0,136.7,0.0,0.0,0.0,8907.1
05/01/2026,22:15,[22:00-22:15[,4442.7,3053.3,0.0,348.1,0.0,969.6,175.3,0.0,31.2,0.0,315.3,0.0,0.8,0.1,8697.2
05/01/2026,22:30,[22:15-22:30[,4162.4,3089.1,0.0,347.9,0.0,767.6,175.3,0.0,30.8,0.0,85.1,0.0,7.5,0.0,8482.3
05/01/2026,22:45,[22:30-22:45[,3775.3,3065.3,0.0,349.2,0.0,721.2,175.7,0.0,30.3,114.4,0.0,0.0,0.7,0.1,8217.1
05/01/2026,23:00,[22:45-23:00[,3697.7,3021.6,0.0,347.9,0.0,772.8,176.1,0.0,30.3,0.0,14.0,75.7,0.0,0.1,7940.6
05/01/2026,23:15,[23:00-23:15[,4054.1,2993.5,0.0,348.4,0.0,758.8,176.8,0.0,30.8,0.0,456.8,150.6,0.0,0.1,7740.5
05/01/2026,23:30,[23:15-23:30[,3701.8,3035.9,0.0,349.4,0.0,560.4,177.1,0.0,30.9,0.0,259.9,151.0,1.0,0.1,7431.3
05/01/2026,23:45,[23:30-23:45[,3156.7,3082.7,0.0,348.4,0.0,481.2,176.8,0.0,30.6,26.9,0.0,117.7,11.0,0.0,7184.4
05/01/2026,23:59,[23:45-00:00[,2538.5,3137.3,0.0,348.6,0.0,485.6,173.0,0.0,31.2,303.5,0.0,120.2,12.0,0.0,6897.2
06/01/2026,00:15,[00:00-00:15[,2572.0,3211.0,0.0,346.9,0.0,576.4,147.1,0.0,31.5,0.0,63.2,8.4,12.0,0.0,6813.8
06/01/2026,00:30,[00:15-00:30[,2087.6,3240.9,0.0,343.5,0.0,580.8,143.8,0.0,30.8,221.6,0.0,0.1,11.5,0.0,6648.9
06/01/2026,00:45,[00:30-00:45[,1746.2,3281.5,0.0,345.6,0.0,523.6,143.9,0.0,31.2,400.4,0.0,43.7,6.0,0.0,6422.2
06/01/2026,01:00,[00:45-01:00[,1478.9,3375.2,0.0,345.1,0.0,493.2,144.0,0.0,31.2,492.8,0.0,75.3,1.4,0.0,6273.7
06/01/2026,01:15,[01:00-01:15[,1457.9,3397.3,0.0,343.4,0.0,492.8,143.9,0.0,30.9,366.0,0.0,75.2,0.9,0.8,6144.3
06/01/2026,01:30,[01:15-01:30[,1142.4,3379.9,0.0,345.3,0.0,541.6,144.0,0.0,31.4,636.8,0.0,165.5,0.1,0.8,6046.1
06/01/2026,01:45,[01:30-01:45[,1003.3,3383.1,0.0,340.0,0.0,568.4,143.9,0.0,30.4,1009.6,0.0,488.3,0.0,0.8,5970.8
06/01/2026,02:00,[01:45-02:00[,960.2,3409.8,0.0,333.0,0.0,518.8,144.0,0.0,29.4,1358.4,0.0,945.7,0.1,0.8,5790.3
06/01/2026,02:15,[02:00-02:15[,1110.4,3511.9,0.0,335.9,0.0,467.6,144.4,0.0,30.6,1306.0,0.0,1126.6,0.8,0.1,5762.0
06/01/2026,02:30,[02:15-02:30[,999.4,3545.2,0.0,336.7,0.0,505.6,144.2,0.0,30.4,1612.4,0.0,1439.5,0.1,0.0,5714.0
06/01/2026,02:45,[02:30-02:45[,968.0,3560.3,0.0,330.2,0.0,520.8,143.7,0.0,30.1,1680.0,0.0,1611.5,0.0,0.1,5601.7
06/01/2026,03:00,[02:45-03:00[,921.0,3581.3,0.0,327.4,0.0,564.0,143.6,0.0,28.7,1707.2,0.0,1631.8,0.0,0.1,5620.4
06/01/2026,03:15,[03:00-03:15[,883.3,3599.0,0.0,324.4,0.0,592.4,143.2,0.0,28.9,1562.0,0.0,1512.3,0.0,0.8,5599.8
06/01/2026,03:30,[03:15-03:30[,916.0,3507.7,0.0,324.2,0.0,599.6,143.1,0.0,30.1,1530.4,0.0,1504.3,0.0,0.8,5526.5
06/01/2026,03:45,[03:30-03:45[,927.5,3525.4,0.0,320.4,0.0,572.8,143.0,0.0,30.6,1424.8,0.0,1410.0,0.0,0.8,5514.2
06/01/2026,04:00,[03:45-04:00[,929.2,3481.4,0.0,317.6,0.0,545.2,144.8,0.0,30.8,1350.4,0.0,1303.1,0.0,0.8,5477.9
06/01/2026,04:15,[04:00-04:15[,974.8,3444.5,0.0,320.0,0.0,563.2,143.8,0.0,31.5,1422.4,0.0,1395.1,0.0,0.1,5484.0
06/01/2026,04:30,[04:15-04:30[,976.2,3389.8,0.0,316.4,0.0,539.6,144.3,0.0,30.9,1578.0,0.0,1500.2,0.1,0.1,5456.6
06/01/2026,04:45,[04:30-04:45[,903.3,3317.6,0.0,312.6,0.0,534.8,144.3,0.0,30.0,1633.2,0.0,1444.2,0.9,0.0,5415.0
06/01/2026,05:00,[04:45-05:00[,965.7,3269.3,0.0,309.1,0.0,599.2,144.2,0.0,29.6,1653.2,0.0,1474.4,1.0,0.0,5476.7
06/01/2026,05:15,[05:00-05:15[,978.7,3200.6,0.0,305.3,0.0,533.6,144.1,0.0,29.8,1911.6,0.0,1653.1,1.0,0.0,5431.9
06/01/2026,05:30,[05:15-05:30[,1031.4,3113.5,0.0,302.9,0.0,584.4,144.6,0.0,30.2,1914.0,0.0,1598.8,1.0,0.0,5504.0
06/01/2026,05:45,[05:30-05:45[,1064.5,2984.6,0.0,300.7,0.0,658.8,145.3,0.0,29.2,1916.4,0.0,1502.3,1.0,0.0,5579.4
06/01/2026,06:00,[05:45-06:00[,1145.2,2830.5,0.0,298.6,0.0,677.2,144.0,0.0,29.1,1819.2,0.0,1298.8,1.0,0.0,5629.7
06/01/2026,06:15,[06:00-06:15[,1253.3,2785.8,0.0,296.6,0.0,649.2,143.3,0.0,29.2,1904.4,0.0,1294.1,1.0,0.0,5753.5
06/01/2026,06:30,[06:15-06:30[,1332.8,2744.8,0.0,298.0,0.0,628.4,143.6,0.0,29.8,2134.4,0.0,1299.0,0.9,0.0,5998.5
06/01/2026,06:45,[06:30-06:45[,1342.9,2692.2,0.0,300.7,0.0,646.4,143.9,0.0,29.7,2326.4,0.0,1294.4,0.2,0.0,6173.2
06/01/2026,07:00,[06:45-07:00[,1465.8,2671.2,0.0,298.9,0.0,579.2,147.4,0.0,29.3,2401.6,0.0,1208.2,0.9,0.0,6370.8
06/01/2026,07:15,[07:00-07:15[,1542.3,2590.6,0.0,304.4,0.0,658.0,163.8,0.0,30.8,2857.2,0.0,1379.8,1.8,0.0,6753.2
06/01/2026,07:30,[07:15-07:30[,1794.4,2570.0,0.0,307.2,0.0,682.0,169.2,0.0,30.1,2870.0,0.0,1383.0,1.8,0.0,7025.6
06/01/2026,07:45,[07:30-07:45[,2143.7,2541.5,0.1,308.6,0.0,621.6,168.9,0.0,29.1,2895.6,0.0,1373.0,1.8,0.0,7322.0
06/01/2026,08:00,[07:45-08:00[,2016.4,2594.5,7.2,307.4,0.0,458.4,169.5,0.0,28.6,2996.0,0.0,1106.7,1.7,0.0,7456.7
06/01/2026,08:15,[08:00-08:15[,2169.5,2612.3,61.5,316.0,0.0,529.6,172.5,0.0,28.7,3021.2,0.0,1072.0,0.8,0.1,7825.0
06/01/2026,08:30,[08:15-08:30[,1909.5,2502.4,217.4,301.8,0.0,671.2,173.2,0.0,29.1,3412.8,0.0,1072.0,0.0,0.1,8129.4
06/01/2026,08:45,[08:30-08:45[,1506.6,2416.1,444.1,302.5,0.0,565.6,174.9,0.0,27.9,4226.4,0.0,1446.0,0.8,0.0,8199.2
06/01/2026,09:00,[08:45-09:00[,1749.7,2396.9,719.4,303.3,0.0,488.4,172.2,0.0,28.9,4272.4,0.0,1751.7,0.8,0.1,8355.6
06/01/2026,09:15,[09:00-09:15[,1382.2,2307.3,1029.3,304.7,0.0,632.4,174.8,0.0,29.3,4338.8,0.0,1699.1,0.0,0.2,8475.8
06/01/2026,09:30,[09:15-09:30[,1330.0,2239.8,1273.4,309.6,0.0,601.2,177.2,0.0,29.6,4272.8,0.0,1740.6,0.0,0.1,8469.8
06/01/2026,09:45,[09:30-09:45[,1169.5,2108.5,1497.8,315.0,0.0,486.8,176.7,0.0,29.9,4298.4,0.0,1665.0,0.0,0.1,8394.5
06/01/2026,10:00,[09:45-10:00[,1105.9,1945.9,1720.2,314.0,0.0,558.8,176.4,0.0,30.3,4280.0,0.0,1749.0,0.0,0.5,8359.3
06/01/2026,10:15,[10:00-10:15[,1054.1,1808.9,1950.7,313.9,0.0,565.6,177.1,0.0,30.7,4009.2,0.0,1611.4,0.0,0.5,8276.6
06/01/2026,10:30,[10:15-10:30[,898.1,1730.7,2094.5,309.1,0.0,570.4,177.1,0.0,29.7,4009.2,0.0,1548.8,0.0,0.6,8245.7
06/01/2026,10:45,[10:30-10:45[,880.9,1645.6,2215.0,309.4,0.0,597.2,178.1,0.0,29.7,3990.0,0.0,1655.7,0.0,1.7,8165.4
06/01/2026,11:00,[10:45-11:00[,824.7,1595.4,2311.0,312.4,0.0,511.2,177.3,0.0,30.7,4000.4,0.0,1699.4,0.0,3.2,8036.7
06/01/2026,11:15,[11:00-11:15[,730.0,1614.2,2443.2,314.0,0.0,485.6,176.6,0.0,30.9,3982.8,0.0,1650.9,0.0,3.2,8098.2
06/01/2026,11:30,[11:15-11:30[,809.3,1700.1,2502.2,313.9,0.0,498.0,177.1,0.0,30.8,4004.0,0.0,1935.7,0.0,2.6,8073.2
06/01/2026,11:45,[11:30-11:45[,834.4,1766.9,2499.9,312.8,0.0,524.8,177.4,0.0,31.1,3985.6,0.0,2076.4,0.0,2.6,8031.1
06/01/2026,12:00,[11:45-12:00[,748.7,1768.6,2525.0,312.0,0.0,434.8,176.9,0.0,29.8,4020.0,0.0,2005.4,0.0,2.6,7982.3
06/01/2026,12:15,[12:00-12:15[,694.8,1819.7,2548.3,315.8,0.0,472.4,175.3,0.0,29.4,3983.2,0.0,2091.5,0.0,5.1,7918.0
06/01/2026,12:30,[12:15-12:30[,646.2,1920.3,2552.5,321.2,0.0,506.4,175.4,0.0,31.1,4005.2,0.0,2215.6,0.0,4.5,7910.8
06/01/2026,12:45,[12:30-12:45[,725.5,1945.4,2501.7,321.5,0.0,566.8,175.1,0.0,31.2,4002.4,0.0,2437.0,0.0,3.5,7803.0
06/01/2026,13:00,[12:45-13:00[,709.7,1957.3,2494.7,319.7,0.0,507.2,174.7,0.0,31.0,4013.2,0.0,2475.8,0.0,3.9,7698.6
06/01/2026,13:15,[13:00-13:15[,777.5,1980.7,2479.5,319.9,0.0,602.0,175.1,0.0,31.4,3990.8,0.0,2545.9,0.0,12.9,7770.6
06/01/2026,13:30,[13:15-13:30[,798.0,2031.3,2443.2,321.4,0.0,596.4,175.1,0.0,31.5,4004.8,0.0,2554.7,0.0,14.8,7804.9
06/01/2026,13:45,[13:30-13:45[,780.3,2095.1,2431.0,317.6,0.0,523.2,174.0,0.0,30.8,4004.8,0.0,2509.5,0.0,15.5,7804.6
06/01/2026,14:00,[13:45-14:00[,806.1,2082.0,2273.4,321.2,0.0,592.8,173.3,0.0,30.9,3982.8,0.0,2302.1,0.0,15.9,7918.6
06/01/2026,14:15,[14:00-14:15[,810.7,2046.0,2121.1,311.8,0.0,671.2,173.3,0.0,31.4,3884.4,0.0,1894.2,0.0,16.4,8113.8
06/01/2026,14:30,[14:15-14:30[,982.2,2077.7,2052.9,312.6,0.0,594.4,174.5,0.0,31.6,3826.8,0.0,1821.9,0.0,16.0,8188.8
06/01/2026,14:45,[14:30-14:45[,953.9,2100.0,1947.4,317.2,0.0,499.6,175.3,0.0,31.3,3853.2,0.0,1566.6,0.0,12.1,8274.1
06/01/2026,15:00,[14:45-15:00[,840.2,2032.2,1876.2,317.8,0.0,564.8,175.2,0.0,30.4,3869.6,0.0,1380.7,0.0,8.7,8292.7
06/01/2026,15:15,[15:00-15:15[,920.5,2047.7,1727.8,314.5,0.0,615.2,174.9,0.0,30.0,4023.2,0.0,1435.8,0.0,0.1,8392.6
06/01/2026,15:30,[15:15-15:30[,910.5,2117.1,1608.0,314.4,0.0,606.4,174.1,0.0,30.6,3939.2,0.0,1275.4,0.0,0.1,8400.3
06/01/2026,15:45,[15:30-15:45[,1346.7,2125.7,1344.1,320.1,0.0,506.8,175.2,0.0,30.7,3499.6,0.0,938.5,0.0,0.0,8389.0
06/01/2026,16:00,[15:45-16:00[,1595.6,2061.7,1042.9,323.6,0.0,603.6,177.0,0.0,31.0,3567.6,0.0,862.1,0.6,0.0,8520.9
06/01/2026,16:15,[16:00-16:15[,1415.0,2000.8,755.6,322.1,0.0,689.6,176.6,0.0,31.1,3844.4,0.0,656.5,0.8,0.0,8556.8
06/01/2026,16:30,[16:15-16:30[,2394.4,1971.4,511.6,322.4,0.0,714.0,177.5,0.0,29.6,2509.6,0.0,34.5,0.4,0.0,8579.0
06/01/2026,16:45,[16:30-16:45[,3786.9,1932.1,305.8,326.1,0.0,790.4,177.0,0.0,30.8,1402.8,0.0,0.1,0.4,0.1,8745.3
06/01/2026,17:00,[16:45-17:00[,4492.2,1837.7,163.2,328.1,0.0,736.8,174.1,0.0,31.6,1028.0,0.0,0.0,7.3,0.0,8792.4
06/01/2026,17:15,[17:00-17:15[,4836.9,1872.4,56.2,328.3,0.0,742.0,175.2,0.0,31.7,751.6,0.0,0.0,12.0,0.0,8800.1
06/01/2026,17:30,[17:15-17:30[,4947.9,1958.3,6.7,324.0,0.0,873.2,175.5,0.0,31.3,655.2,0.0,0.0,3.1,0.0,8969.4
06/01/2026,17:45,[17:30-17:45[,5144.3,2079.7,0.3,321.5,0.0,991.2,175.3,0.0,30.7,366.8,0.0,0.0,2.4,0.0,9106.4
06/01/2026,18:00,[17:45-18:00[,5320.2,2163.5,0.0,325.5,0.0,1098.0,174.8,0.0,31.3,312.8,0.0,0.0,2.4,0.0,9422.7
06/01/2026,18:15,[18:00-18:15[,5287.4,2268.3,0.0,325.2,0.0,962.4,175.3,0.0,30.8,430.8,0.0,0.0,1.6,0.0,9476.2
06/01/2026,18:30,[18:15-18:30[,5342.8,2340.9,0.0,325.3,0.0,985.6,175.6,0.0,31.2,434.8,0.0,0.0,2.4,0.0,9632.6
06/01/2026,18:45,[18:30-18:45[,5533.5,2288.5,0.0,326.7,0.0,1000.4,176.1,0.0,31.5,366.4,0.0,0.0,2.5,0.0,9719.5
06/01/2026,19:00,[18:45-19:00[,5698.2,2157.4,0.0,325.7,0.0,1089.2,177.5,0.0,30.9,429.2,0.0,0.0,4.0,0.0,9906.6
06/01/2026,19:15,[19:00-19:15[,6062.2,2120.1,0.0,321.9,0.0,1123.2,180.7,0.0,31.1,160.8,0.0,0.0,4.1,0.0,9998.2
06/01/2026,19:30,[19:15-19:30[,6181.7,2123.2,0.0,324.5,0.0,1048.4,180.6,0.0,31.2,176.0,0.0,0.0,15.9,0.0,10075.7
06/01/2026,19:45,[19:30-19:45[,6010.5,2093.4,0.0,328.0,0.0,1048.8,177.0,0.0,31.3,461.6,0.0,0.0,4.0,0.0,10149.1
06/01/2026,20:00,[19:45-20:00[,5886.4,2008.2,0.0,326.5,0.0,1059.2,177.7,0.0,31.2,684.8,0.0,0.0,4.0,0.0,10171.4
06/01/2026,20:15,[20:00-20:15[,6035.3,1947.4,0.0,325.4,0.0,1116.0,179.5,0.0,31.5,495.6,0.0,0.0,3.2,0.0,10128.0
06/01/2026,20:30,[20:15-20:30[,5985.6,1897.2,0.0,328.6,0.0,1083.2,180.1,0.0,31.4,542.0,0.0,0.0,2.0,0.0,10044.9
06/01/2026,20:45,[20:30-20:45[,5714.9,1827.5,0.0,326.8,0.0,1034.8,179.8,0.0,31.8,827.2,0.0,0.0,0.2,0.1,9936.0
06/01/2026,21:00,[20:45-21:00[,5390.0,1776.5,0.0,325.5,0.0,1069.6,180.1,0.0,31.5,1076.0,0.0,0.0,0.0,0.0,9841.8
06/01/2026,21:15,[21:00-21:15[,5552.4,1688.7,0.0,324.3,0.0,1054.4,179.7,0.0,31.1,899.6,0.0,0.0,0.0,0.1,9723.9
06/01/2026,21:30,[21:15-21:30[,5174.3,1589.3,0.0,324.7,0.0,1112.4,179.7,0.0,30.8,1194.8,0.0,0.0,0.0,0.0,9599.4
06/01/2026,21:45,[21:30-21:45[,5036.8,1523.2,0.0,326.3,0.0,1081.6,180.8,0.0,30.8,1235.2,0.0,0.0,0.0,0.1,9406.4
06/01/2026,22:00,[21:45-22:00[,4743.1,1484.0,0.0,327.3,0.0,1027.6,180.3,0.0,31.2,1406.0,0.0,0.0,1.0,0.0,9194.0
06/01/2026,22:15,[22:00-22:15[,4400.4,1409.7,0.0,331.1,0.0,878.8,181.3,0.0,31.8,1728.4,0.0,0.5,10.0,0.0,8960.2
06/01/2026,22:30,[22:15-22:30[,3882.3,1364.4,0.0,320.7,0.0,734.4,180.7,0.0,30.6,2247.2,0.0,0.0,2.0,0.0,8749.7
06/01/2026,22:45,[22:30-22:45[,3132.5,1332.5,0.0,316.3,0.0,609.2,181.4,0.0,29.7,2936.8,0.0,0.0,11.0,0.0,8533.6
06/01/2026,23:00,[22:45-23:00[,2527.9,1309.8,0.0,319.3,0.0,527.6,181.1,0.0,30.4,3380.8,0.0,0.2,12.0,0.0,8270.5
06/01/2026,23:15,[23:00-23:15[,3357.1,1271.5,0.0,319.2,0.0,614.0,179.0,0.0,30.4,2274.8,0.0,0.2,11.1,0.0,8042.7
06/01/2026,23:30,[23:15-23:30[,3020.2,1233.7,0.0,321.2,0.0,550.0,178.1,0.0,30.7,2389.2,0.0,0.0,1.8,0.0,7714.6
06/01/2026,23:45,[23:30-23:45[,2471.7,1194.3,0.0,323.1,0.0,548.8,178.2,0.0,30.9,2786.8,0.0,0.0,0.1,0.1,7523.6
06/01/2026,23:59,[23:45-00:00[,2201.8,1206.2,0.0,324.5,0.0,517.6,172.6,0.0,30.2,2836.8,0.0,0.0,0.1,0.0,7279.2
07/01/2026,00:15,[00:00-00:15[,1928.2,1244.0,0.0,323.6,0.0,413.2,148.3,0.0,29.7,2916.8,0.0,0.5,0.9,0.0,6990.9
07/01/2026,00:30,[00:15-00:30[,1973.6,1178.9,0.0,324.9,0.0,451.2,145.2,0.0,29.8,2869.6,0.0,108.6,0.9,0.0,6854.5
07/01/2026,00:45,[00:30-00:45[,1832.6,1080.4,0.0,322.4,0.0,633.6,145.0,0.0,29.4,2590.0,0.0,3.1,0.2,0.0,6619.1
07/01/2026,01:00,[00:45-01:00[,1720.1,1012.4,0.0,325.1,0.0,527.2,145.6,0.0,28.5,2620.0,0.0,0.6,0.9,0.0,6368.8
07/01/2026,01:15,[01:00-01:15[,1798.6,1027.2,0.0,326.9,0.0,535.2,146.8,0.0,29.4,2456.8,0.0,1.0,0.9,0.0,6310.1
07/01/2026,01:30,[01:15-01:30[,1689.1,1086.5,0.0,328.2,0.0,521.6,146.8,0.0,31.1,2720.8,0.0,315.3,0.1,0.0,6196.5
07/01/2026,01:45,[01:30-01:45[,1511.6,1135.1,0.0,329.2,0.0,465.2,145.3,0.0,31.4,2795.6,0.0,357.1,0.0,0.1,6044.6
07/01/2026,02:00,[01:45-02:00[,1483.6,1235.7,0.0,321.1,0.0,441.6,144.4,0.0,31.1,2993.6,0.0,689.4,0.0,0.0,5949.2
07/01/2026,02:15,[02:00-02:15[,1427.8,1329.9,0.0,323.9,0.0,413.2,144.4,0.0,29.7,2964.8,0.0,743.0,0.0,0.8,5876.4
07/01/2026,02:30,[02:15-02:30[,1100.7,1403.8,0.0,324.0,0.0,472.8,144.9,0.0,30.4,3209.2,0.0,833.2,0.0,0.8,5835.2
07/01/2026,02:45,[02:30-02:45[,1033.4,1467.7,0.0,323.1,0.0,449.2,144.2,0.0,31.2,3248.4,0.0,960.4,0.0,0.8,5720.4
07/01/2026,03:00,[02:45-03:00[,1027.1,1567.5,0.0,322.1,0.0,437.2,144.0,0.0,31.2,3345.2,0.0,1181.8,0.0,1.8,5673.7
07/01/2026,03:15,[03:00-03:15[,1007.4,1629.8,0.0,320.9,0.0,448.4,144.9,0.0,30.2,3225.6,0.0,1086.6,0.0,11.8,5692.3
07/01/2026,03:30,[03:15-03:30[,998.1,1657.4,0.0,317.8,0.0,421.6,145.0,0.0,28.9,3208.4,0.0,1170.1,0.0,12.8,5577.9
07/01/2026,03:45,[03:30-03:45[,999.6,1635.6,0.0,318.9,0.0,428.4,144.0,0.0,29.1,2938.0,0.0,873.1,0.0,12.8,5592.8
07/01/2026,04:00,[03:45-04:00[,1001.0,1607.8,0.0,319.5,0.0,585.6,143.3,0.0,30.6,2922.0,0.0,986.4,0.0,12.5,5596.1
07/01/2026,04:15,[04:00-04:15[,1020.0,1590.4,0.0,322.6,0.0,507.6,143.9,0.0,31.0,2838.8,0.0,898.0,0.0,7.7,5533.4
07/01/2026,04:30,[04:15-04:30[,1016.7,1531.5,0.0,324.7,0.0,544.4,144.1,0.0,31.4,2748.4,0.0,788.3,0.0,0.7,5537.5
07/01/2026,04:45,[04:30-04:45[,1140.8,1521.6,0.0,328.6,0.0,594.8,144.4,0.0,31.6,2146.8,0.0,373.5,0.0,0.1,5522.3
07/01/2026,05:00,[04:45-05:00[,1566.6,1523.1,0.0,326.4,0.0,575.2,144.7,0.0,31.2,1783.6,0.0,345.6,0.0,0.1,5592.1
07/01/2026,05:15,[05:00-05:15[,1509.0,1488.6,0.0,326.1,0.0,463.2,144.3,0.0,30.9,1922.0,0.0,320.6,0.0,0.1,5549.5
07/01/2026,05:30,[05:15-05:30[,1569.5,1501.5,0.0,329.7,0.0,582.8,144.4,0.0,31.4,1510.4,0.0,54.6,0.0,0.1,5603.1
07/01/2026,05:45,[05:30-05:45[,1835.3,1526.4,0.0,326.0,0.0,506.8,144.4,0.0,31.7,1345.6,0.0,1.8,0.0,0.1,5702.9
07/01/2026,06:00,[05:45-06:00[,2315.1,1522.4,0.0,326.3,0.0,462.4,143.9,0.0,31.7,917.2,0.0,0.7,0.2,0.1,5707.8
07/01/2026,06:15,[06:00-06:15[,2747.0,1525.9,0.0,319.0,0.0,650.4,141.1,0.0,30.3,485.2,0.0,0.0,2.5,0.0,5891.9
07/01/2026,06:30,[06:15-06:30[,3126.6,1516.4,0.0,315.7,0.0,763.6,140.0,0.0,30.2,195.6,0.0,0.0,1.3,0.0,6079.4
07/01/2026,06:45,[06:30-06:45[,3667.4,1501.7,0.0,319.0,0.0,760.0,140.2,0.0,30.7,0.0,175.6,0.0,11.0,0.0,6244.4
07/01/2026,07:00,[06:45-07:00[,3943.4,1449.8,0.0,321.9,0.0,699.6,147.7,0.0,30.4,0.0,114.0,0.0,12.0,0.0,6481.3
07/01/2026,07:15,[07:00-07:15[,4538.1,1355.7,0.0,325.4,0.0,752.0,169.1,0.0,29.9,0.0,335.2,0.0,11.5,0.0,6836.1
07/01/2026,07:30,[07:15-07:30[,4921.3,1294.6,0.0,332.1,0.0,754.8,173.5,0.0,29.7,0.0,376.0,0.0,6.1,0.0,7127.1
07/01/2026,07:45,[07:30-07:45[,5088.4,1269.4,0.0,332.2,0.0,663.6,173.9,0.0,27.9,0.0,185.2,0.4,1.4,0.0,7365.0
07/01/2026,08:00,[07:45-08:00[,5063.7,1221.3,2.0,333.5,0.0,608.8,175.7,0.0,28.4,96.8,0.0,0.0,1.0,0.0,7522.5
07/01/2026,08:15,[08:00-08:15[,5188.6,1218.0,18.5,333.6,0.0,625.2,177.9,0.0,28.5,312.8,0.0,0.0,1.0,0.0,7894.5
07/01/2026,08:30,[08:15-08:30[,4889.6,1220.9,58.2,328.8,0.0,565.6,180.6,0.0,28.5,888.4,0.0,0.0,1.0,0.0,8151.3
07/01/2026,08:45,[08:30-08:45[,4508.6,1192.9,121.3,326.2,0.0,626.8,186.2,0.0,29.2,1331.6,0.0,0.0,1.9,0.0,8314.5
07/01/2026,09:00,[08:45-09:00[,3916.6,1183.6,216.4,328.7,0.0,567.6,189.1,0.0,29.5,2010.8,0.0,0.0,10.1,0.0,8440.8
07/01/2026,09:15,[09:00-09:15[,4000.5,1165.2,326.2,335.2,0.0,537.6,194.0,0.0,28.8,1975.2,0.0,0.0,0.6,0.1,8552.5
07/01/2026,09:30,[09:15-09:30[,3346.5,1176.0,398.6,342.3,0.0,623.6,198.9,0.0,29.3,2547.6,0.0,0.0,0.0,0.0,8651.1
07/01/2026,09:45,[09:30-09:45[,3119.9,1206.1,486.5,345.8,0.0,540.0,203.2,0.0,30.1,2732.8,0.0,0.5,0.0,0.1,8652.1
07/01/2026,10:00,[09:45-10:00[,2638.5,1170.4,528.1,350.2,0.0,586.0,205.4,0.0,29.1,3108.0,0.0,16.6,0.0,0.0,8584.9
07/01/2026,10:15,[10:00-10:15[,3128.8,1092.7,620.5,344.0,0.0,735.6,188.4,0.0,29.4,2713.2,0.0,227.3,0.0,0.0,8609.1
07/01/2026,10:30,[10:15-10:30[,3458.7,1045.0,700.5,330.8,0.0,699.2,170.7,0.0,29.8,2372.0,0.0,163.6,0.0,0.1,8630.4
07/01/2026,10:45,[10:30-10:45[,3066.8,988.5,862.4,330.3,0.0,653.6,166.0,0.0,29.2,2614.4,0.0,150.6,0.0,0.0,8547.6
07/01/2026,11:00,[10:45-11:00[,2955.9,914.4,858.0,328.0,0.0,672.0,151.7,0.0,30.5,2750.0,0.0,144.2,0.0,0.1,8503.5
07/01/2026,11:15,[11:00-11:15[,3169.3,863.3,901.6,323.2,0.0,681.6,151.5,0.0,30.0,2510.8,0.0,75.2,0.0,0.0,8540.5
07/01/2026,11:30,[11:15-11:30[,3058.0,821.6,1070.0,324.4,0.0,553.6,151.3,0.0,29.6,2549.6,0.0,10.5,0.0,0.0,8533.1
07/01/2026,11:45,[11:30-11:45[,2949.5,763.8,1080.3,323.9,0.0,663.6,154.1,0.0,29.7,2575.6,0.0,0.0,0.0,0.1,8523.8
07/01/2026,12:00,[11:45-12:00[,2900.5,760.0,1073.5,325.3,0.0,595.2,156.9,0.0,30.3,2593.2,0.0,0.0,0.0,0.4,8417.2
07/01/2026,12:15,[12:00-12:15[,2946.5,793.0,1193.9,328.9,0.0,544.4,156.0,0.0,31.2,2316.8,0.0,0.0,0.0,0.5,8299.2
07/01/2026,12:30,[12:15-12:30[,2709.9,924.9,1304.8,329.0,0.0,565.6,152.3,0.0,31.4,2318.8,0.0,0.0,0.0,4.0,8319.6
07/01/2026,12:45,[12:30-12:45[,2474.9,1024.1,1310.6,324.2,0.0,506.0,154.0,0.0,30.2,2310.8,0.0,79.1,0.0,2.4,8038.2
07/01/2026,13:00,[12:45-13:00[,2304.5,1085.9,1306.6,322.4,0.0,560.0,156.4,0.0,29.9,2496.0,0.0,217.8,0.0,4.0,8023.7
07/01/2026,13:15,[13:00-13:15[,2286.8,1088.5,1437.0,324.0,0.0,636.4,154.2,0.0,30.7,2838.0,0.0,756.7,0.0,13.5,8006.6
07/01/2026,13:30,[13:15-13:30[,2379.3,1142.8,1405.5,325.2,0.0,621.2,154.3,0.0,30.2,2684.8,0.0,713.7,0.0,15.4,7997.9
07/01/2026,13:45,[13:30-13:45[,2413.4,1219.4,1338.1,324.8,0.0,603.6,154.8,0.0,30.7,2577.6,0.0,596.7,0.0,10.5,8037.8
07/01/2026,14:00,[13:45-14:00[,2353.0,1365.9,1360.7,326.7,0.0,562.0,154.6,0.0,30.4,2318.4,0.0,298.9,0.0,14.7,8142.1
07/01/2026,14:15,[14:00-14:15[,2362.2,1428.7,1323.9,329.8,0.0,618.4,155.2,0.0,30.8,2192.8,0.0,173.6,0.0,5.8,8245.0
07/01/2026,14:30,[14:15-14:30[,2266.8,1338.5,1265.4,329.1,0.0,670.8,155.4,0.0,31.2,2193.6,0.0,0.0,0.0,0.1,8230.8
07/01/2026,14:45,[14:30-14:45[,2493.8,1221.7,1212.2,330.3,0.0,682.0,155.7,0.0,30.9,2060.8,0.0,0.2,0.0,0.0,8177.3
07/01/2026,15:00,[14:45-15:00[,2561.8,1196.4,1277.0,329.3,0.0,708.0,152.0,0.0,29.9,1956.4,0.0,0.4,0.0,1.1,8198.4
07/01/2026,15:15,[15:00-15:15[,2890.9,1148.5,1203.1,328.5,0.0,717.6,154.6,0.0,30.8,1743.2,0.0,0.2,0.0,11.0,8192.3
07/01/2026,15:30,[15:15-15:30[,3061.8,1131.0,1153.8,326.3,0.0,716.4,155.1,0.0,30.6,1598.0,0.0,11.6,0.0,11.1,8140.8
07/01/2026,15:45,[15:30-15:45[,3529.2,1106.1,1052.3,325.8,0.0,817.2,153.2,0.0,30.1,1265.6,0.0,127.2,0.0,1.0,8142.8
07/01/2026,16:00,[15:45-16:00[,4157.3,947.0,860.7,327.3,0.0,951.6,153.0,0.0,30.4,897.2,0.0,123.9,0.0,0.1,8191.7
07/01/2026,16:15,[16:00-16:15[,4031.7,861.6,653.5,332.4,0.0,1092.0,154.7,0.0,30.8,1092.0,0.0,0.0,0.8,0.9,8241.0
07/01/2026,16:30,[16:15-16:30[,4746.3,830.7,462.7,331.4,0.0,1106.0,156.1,0.0,30.7,700.4,0.0,0.0,0.8,0.3,8358.3
07/01/2026,16:45,[16:30-16:45[,5251.2,800.4,317.6,331.6,0.0,1196.0,156.1,0.0,31.0,413.6,0.0,0.0,0.9,0.0,8491.5
07/01/2026,17:00,[16:45-17:00[,5601.7,772.5,174.8,326.5,0.0,1195.2,156.7,0.0,30.8,310.4,0.0,0.7,0.0,1.3,8559.8
07/01/2026,17:15,[17:00-17:15[,6102.0,781.5,62.9,327.5,0.0,1094.4,155.2,0.0,29.9,58.4,0.0,0.1,2.8,0.0,8608.8
07/01/2026,17:30,[17:15-17:30[,6099.1,768.3,11.9,328.4,0.0,1138.4,156.5,0.0,29.7,244.4,0.0,0.0,0.8,2.0,8769.6
07/01/2026,17:45,[17:30-17:45[,6264.1,756.9,0.4,319.9,0.0,1233.2,156.7,0.0,29.2,246.8,0.0,0.0,2.8,0.0,9004.7
07/01/2026,18:00,[17:45-18:00[,6361.9,780.3,0.0,319.1,0.0,1211.6,156.8,0.0,30.0,396.0,0.0,0.0,0.8,1.1,9250.1
07/01/2026,18:15,[18:00-18:15[,6370.5,818.8,0.0,317.4,0.0,1119.2,158.2,0.0,29.9,543.2,0.0,0.0,0.0,0.0,9351.5
07/01/2026,18:30,[18:15-18:30[,6409.0,844.9,0.0,314.9,0.0,1074.0,158.1,0.0,30.7,650.8,0.0,0.0,0.0,0.0,9476.5
07/01/2026,18:45,[18:30-18:45[,6356.2,895.1,0.0,308.2,0.0,1114.4,158.1,0.0,29.5,744.4,0.0,0.0,0.0,0.1,9601.2
07/01/2026,19:00,[18:45-19:00[,6112.1,944.1,0.0,290.9,0.0,1207.6,158.1,0.0,29.0,1042.8,0.0,0.0,0.0,1.0,9777.4
07/01/2026,19:15,[19:00-19:15[,6051.1,1024.4,0.0,284.8,0.0,1089.2,158.2,0.0,28.2,1263.2,0.0,0.0,1.0,0.1,9894.5
07/01/2026,19:30,[19:15-19:30[,6126.6,1029.5,0.0,291.1,0.0,1065.2,162.2,0.0,27.3,1314.0,0.0,0.0,0.0,0.1,10010.6
07/01/2026,19:45,[19:30-19:45[,5786.5,1039.8,0.0,296.1,0.0,1063.6,163.0,0.0,28.1,1695.2,0.0,0.0,0.0,12.0,10055.0
07/01/2026,20:00,[19:45-20:00[,5618.4,1043.0,0.0,298.9,0.0,1133.6,162.1,0.0,29.0,1859.6,0.0,0.0,0.0,11.6,10127.0
07/01/2026,20:15,[20:00-20:15[,6139.2,992.8,0.0,298.2,0.0,1199.2,163.9,0.0,28.8,1283.6,0.0,0.0,0.0,6.0,10093.3
07/01/2026,20:30,[20:15-20:30[,5757.3,994.3,0.0,301.9,0.0,1117.2,162.6,0.0,28.8,1677.2,0.0,0.0,0.0,0.6,10033.7
07/01/2026,20:45,[20:30-20:45[,5232.9,1003.9,0.0,303.1,0.0,1112.8,163.2,0.0,27.7,2068.8,0.0,0.0,0.0,0.0,9906.4
07/01/2026,21:00,[20:45-21:00[,4565.4,961.9,0.0,305.7,0.0,1100.0,164.3,0.0,27.8,2679.2,0.0,0.8,0.0,0.0,9797.6
07/01/2026,21:15,[21:00-21:15[,4754.1,945.0,0.0,303.5,0.0,1260.4,163.4,0.0,28.3,2224.8,0.0,0.0,0.0,0.1,9673.1
07/01/2026,21:30,[21:15-21:30[,4702.1,917.9,0.0,303.3,0.0,1145.6,163.5,0.0,28.2,2264.8,0.0,0.8,0.0,0.0,9517.1
07/01/2026,21:45,[21:30-21:45[,4478.5,869.8,0.0,298.9,0.0,1070.0,160.1,0.0,27.3,2462.4,0.0,0.0,0.0,0.1,9359.6
07/01/2026,22:00,[21:45-22:00[,4214.4,835.7,0.0,287.7,0.0,1028.4,158.5,0.0,27.0,2603.6,0.0,0.0,1.0,0.0,9146.4
07/01/2026,22:15,[22:00-22:15[,4026.3,874.3,0.0,288.8,0.0,822.8,156.6,0.0,28.3,2722.8,0.0,0.0,10.0,0.0,8917.6
07/01/2026,22:30,[22:15-22:30[,3898.4,898.2,0.0,292.4,0.0,741.2,156.4,0.0,28.7,2755.2,0.0,0.0,1.0,0.0,8758.7
07/01/2026,22:45,[22:30-22:45[,3608.1,856.7,0.0,292.4,0.0,786.4,160.2,0.0,28.8,2842.8,0.0,0.0,1.0,0.1,8562.7
07/01/2026,23:00,[22:45-23:00[,3154.6,822.9,0.0,285.0,0.0,821.6,162.8,0.0,28.3,3038.0,0.0,0.0,10.0,0.0,8309.6
07/01/2026,23:15,[23:00-23:15[,3513.7,762.1,0.0,288.3,0.0,736.8,161.8,0.0,28.4,2594.8,0.0,0.6,1.0,0.1,8072.3
07/01/2026,23:30,[23:15-23:30[,3460.8,673.2,0.0,293.5,0.0,574.0,160.7,0.0,29.2,2641.6,0.0,0.0,0.0,0.0,7819.3
07/01/2026,23:45,[23:30-23:45[,3149.1,653.3,0.0,292.8,0.0,456.8,157.8,0.0,28.5,2840.8,0.0,0.0,0.0,0.1,7564.3
07/01/2026,23:59,[23:45-00:00[,2998.1,658.2,0.0,289.9,0.0,405.2,151.2,0.0,28.4,2691.6,0.0,0.2,1.0,0.1,7208.4
08/01/2026,00:15,[00:00-00:15[,3135.0,702.4,0.0,304.7,0.0,537.6,99.2,0.0,27.2,2194.8,0.0,0.0,0.0,0.0,6990.1
08/01/2026,00:30,[00:15-00:30[,2969.4,731.8,0.0,307.1,0.0,607.2,100.5,0.0,27.1,2295.2,0.0,0.0,0.0,0.0,7027.1
08/01/2026,00:45,[00:30-00:45[,2838.8,755.6,0.0,306.2,0.0,594.0,100.0,0.0,27.7,2121.2,0.0,0.0,0.0,0.0,6733.2
08/01/2026,01:00,[00:45-01:00[,2856.2,774.8,0.0,306.2,0.0,538.8,99.8,0.0,27.5,1984.8,0.0,0.0,0.0,0.0,6578.5
08/01/2026,01:15,[01:00-01:15[,2822.1,765.1,0.0,306.6,0.0,511.6,100.3,0.0,27.4,1779.6,0.0,0.0,0.0,0.0,6303.4
08/01/2026,01:30,[01:15-01:30[,2716.2,747.1,0.0,305.7,0.0,509.6,99.6,0.0,26.9,2018.4,0.0,0.0,0.0,0.0,6413.3
08/01/2026,01:45,[01:30-01:45[,2436.2,741.6,0.0,304.0,0.0,514.4,99.3,0.0,26.8,2027.2,0.0,0.0,0.0,0.0,6139.6
08/01/2026,02:00,[01:45-02:00[,2292.0,746.2,0.0,305.7,0.0,517.6,99.6,0.0,26.8,1994.8,0.0,0.0,0.0,0.0,5972.6
08/01/2026,02:15,[02:00-02:15[,2242.5,761.7,0.0,305.0,0.0,644.4,99.5,0.0,26.0,2010.4,0.0,0.0,0.0,0.0,6079.4
08/01/2026,02:30,[02:15-02:30[,2183.3,773.5,0.0,306.5,0.0,610.8,98.9,0.0,27.0,2066.4,0.0,57.0,0.0,0.0,5998.2
08/01/2026,02:45,[02:30-02:45[,2109.7,791.3,0.0,290.0,0.0,488.8,99.0,0.0,26.3,2061.2,0.0,114.7,0.0,0.0,5741.7
08/01/2026,03:00,[02:45-03:00[,2130.4,826.2,0.0,269.1,0.0,469.6,99.2,0.0,25.0,2022.4,0.0,114.8,0.0,0.0,5717.4
08/01/2026,03:15,[03:00-03:15[,1924.9,883.4,0.0,282.8,0.0,514.4,99.4,0.0,25.0,2044.4,0.0,59.1,0.0,0.0,5705.8
08/01/2026,03:30,[03:15-03:30[,1802.4,979.4,0.0,286.5,0.0,505.6,99.4,0.0,26.5,2005.2,0.0,2.1,0.0,0.0,5693.3
08/01/2026,03:45,[03:30-03:45[,1784.7,1080.0,0.0,287.9,0.0,512.0,99.7,0.0,26.2,1926.4,0.0,0.0,0.0,0.0,5706.5
08/01/2026,04:00,[03:45-04:00[,1692.6,1114.1,0.0,288.5,0.0,462.8,99.8,0.0,26.4,1890.8,0.0,10.6,0.0,0.0,5553.1
08/01/2026,04:15,[04:00-04:15[,1924.6,1125.0,0.0,290.6,0.0,633.2,99.6,0.0,26.9,1818.0,0.0,209.7,0.0,0.0,5697.3
08/01/2026,04:30,[04:15-04:30[,2071.0,1173.3,0.0,291.0,0.0,613.6,99.1,0.0,26.9,1702.0,0.0,352.5,0.0,0.0,5613.2
08/01/2026,04:45,[04:30-04:45[,2124.4,1218.3,0.0,291.1,0.0,596.4,98.7,0.0,26.4,1557.6,0.0,306.3,0.0,0.0,5595.3
08/01/2026,05:00,[04:45-05:00[,2035.6,1301.1,0.0,286.8,0.0,602.4,99.2,0.0,27.1,1270.0,0.0,166.0,0.0,0.0,5444.4
08/01/2026,05:15,[05:00-05:15[,2038.6,1436.0,0.0,290.1,0.0,516.0,99.4,0.0,26.9,1714.4,0.0,223.8,0.0,0.0,5884.7
08/01/2026,05:30,[05:15-05:30[,1922.2,1470.0,0.0,284.2,0.0,532.8,99.5,0.0,26.8,1534.4,0.0,213.9,0.0,0.0,5642.8
08/01/2026,05:45,[05:30-05:45[,2205.7,1430.0,0.0,286.2,0.0,552.0,99.4,0.0,27.1,1154.0,0.0,6.4,0.0,0.0,5733.6
08/01/2026,06:00,[05:45-06:00[,2522.5,1432.7,0.0,293.2,0.0,672.4,99.4,0.0,27.1,1199.8,0.0,6.3,0.0,0.0,6227.3
08/01/2026,06:15,[06:00-06:15[,0.0,1194.1,0.0,0.0,0.0,0.0,0.0,0.0,0.0,0.0,0.0,0.0,0.0,0.0,6097.0
08/01/2026,06:30,[06:15-06:30[,0.0,1213.3,0.0,0.0,0.0,0.0,0.0,0.0,0.0,0.0,0.0,0.0,0.0,0.0,6097.0
08/01/2026,06:45,[06:30-06:45[,0.0,1235.1,0.0,0.0,0.0,0.0,0.0,0.0,0.0,0.0,0.0,0.0,0.0,0.0,6097.0
08/01/2026,07:00,[06:45-07:00[,0.0,1256.8,0.0,0.0,0.0,0.0,0.0,0.0,0.0,0.0,0.0,0.0,0.0,0.0,6097.0
08/01/2026,07:15,[07:00-07:15[,0.0,1280.7,0.0,0.0,0.0,0.0,0.0,0.0,0.0,0.0,0.0,0.0,0.0,0.0,6906.0
08/01/2026,07:30,[07:15-07:30[,0.0,1298.4,0.0,0.0,0.0,0.0,0.0,0.0,0.0,0.0,0.0,0.0,0.0,0.0,6906.0
08/01/2026,07:45,[07:30-07:45[,0.0,1321.1,0.0,0.0,0.0,0.0,0.0,0.0,0.0,0.0,0.0,0.0,0.0,0.0,6906.0
08/01/2026,08:00,[07:45-08:00[,0.0,1342.6,0.0,0.0,0.0,0.0,0.0,0.0,0.0,0.0,0.0,0.0,0.0,0.0,6906.0
08/01/2026,08:15,[08:00-08:15[,0.0,1368.3,0.0,0.0,0.0,0.0,0.0,0.0,0.0,0.0,0.0,0.0,0.0,0.0,7938.0
08/01/2026,08:30,[08:15-08:30[,0.0,1407.0,109.7,0.0,0.0,0.0,0.0,0.0,0.0,0.0,0.0,0.0,0.0,0.0,7938.0
08/01/2026,08:45,[08:30-08:45[,0.0,1447.9,204.1,0.0,0.0,0.0,0.0,0.0,0.0,0.0,0.0,0.0,0.0,0.0,7938.0
08/01/2026,09:00,[08:45-09:00[,0.0,1491.9,314.5,0.0,0.0,0.0,0.0,0.0,0.0,0.0,0.0,0.0,0.0,0.0,7938.0
08/01/2026,09:15,[09:00-09:15[,0.0,1535.2,432.8,0.0,0.0,0.0,0.0,0.0,0.0,0.0,0.0,0.0,0.0,0.0,8430.0
08/01/2026,09:30,[09:15-09:30[,0.0,1580.6,558.7,0.0,0.0,0.0,0.0,0.0,0.0,0.0,0.0,0.0,0.0,0.0,8430.0
08/01/2026,09:45,[09:30-09:45[,0.0,1626.4,686.4,0.0,0.0,0.0,0.0,0.0,0.0,0.0,0.0,0.0,0.0,0.0,8430.0
08/01/2026,10:00,[09:45-10:00[,0.0,1672.6,807.8,0.0,0.0,0.0,0.0,0.0,0.0,0.0,0.0,0.0,0.0,0.0,8430.0
08/01/2026,10:15,[10:00-10:15[,0.0,1719.5,920.4,0.0,0.0,0.0,0.0,0.0,0.0,0.0,0.0,0.0,0.0,0.0,8469.0
08/01/2026,10:30,[10:15-10:30[,0.0,1770.8,1023.7,0.0,0.0,0.0,0.0,0.0,0.0,0.0,0.0,0.0,0.0,0.0,8469.0
08/01/2026,10:45,[10:30-10:45[,0.0,1823.7,1115.3,0.0,0.0,0.0,0.0,0.0,0.0,0.0,0.0,0.0,0.0,0.0,8469.0
08/01/2026,11:00,[10:45-11:00[,0.0,1879.8,1191.8,0.0,0.0,0.0,0.0,0.0,0.0,0.0,0.0,0.0,0.0,0.0,8469.0
08/01/2026,11:15,[11:00-11:15[,0.0,1935.7,1256.8,0.0,0.0,0.0,0.0,0.0,0.0,0.0,0.0,0.0,0.0,0.0,8580.0
08/01/2026,11:30,[11:15-11:30[,0.0,2001.3,1312.3,0.0,0.0,0.0,0.0,0.0,0.0,0.0,0.0,0.0,0.0,0.0,8580.0
08/01/2026,11:45,[11:30-11:45[,0.0,2066.2,1352.7,0.0,0.0,0.0,0.0,0.0,0.0,0.0,0.0,0.0,0.0,0.0,8580.0
08/01/2026,12:00,[11:45-12:00[,0.0,2134.4,1379.6,0.0,0.0,0.0,0.0,0.0,0.0,0.0,0.0,0.0,0.0,0.0,8580.0
08/01/2026,12:15,[12:00-12:15[,0.0,2195.6,1398.0,0.0,0.0,0.0,0.0,0.0,0.0,0.0,0.0,0.0,0.0,0.0,8484.0
08/01/2026,12:30,[12:15-12:30[,0.0,2267.8,1401.8,0.0,0.0,0.0,0.0,0.0,0.0,0.0,0.0,0.0,0.0,0.0,8484.0
08/01/2026,12:45,[12:30-12:45[,0.0,2346.0,1391.1,0.0,0.0,0.0,0.0,0.0,0.0,0.0,0.0,0.0,0.0,0.0,8484.0
08/01/2026,13:00,[12:45-13:00[,0.0,2424.6,1367.4,0.0,0.0,0.0,0.0,0.0,0.0,0.0,0.0,0.0,0.0,0.0,8484.0
08/01/2026,13:15,[13:00-13:15[,0.0,2495.9,1333.6,0.0,0.0,0.0,0.0,0.0,0.0,0.0,0.0,0.0,0.0,0.0,8466.0
08/01/2026,13:30,[13:15-13:30[,0.0,2547.5,1295.2,0.0,0.0,0.0,0.0,0.0,0.0,0.0,0.0,0.0,0.0,0.0,8466.0
08/01/2026,13:45,[13:30-13:45[,0.0,2602.3,1246.2,0.0,0.0,0.0,0.0,0.0,0.0,0.0,0.0,0.0,0.0,0.0,8466.0
08/01/2026,14:00,[13:45-14:00[,0.0,2653.3,1188.5,0.0,0.0,0.0,0.0,0.0,0.0,0.0,0.0,0.0,0.0,0.0,8466.0
08/01/2026,14:15,[14:00-14:15[,0.0,2724.1,1123.9,0.0,0.0,0.0,0.0,0.0,0.0,0.0,0.0,0.0,0.0,0.0,8629.0
08/01/2026,14:30,[14:15-14:30[,0.0,2764.6,1053.8,0.0,0.0,0.0,0.0,0.0,0.0,0.0,0.0,0.0,0.0,0.0,8629.0
08/01/2026,14:45,[14:30-14:45[,0.0,2809.4,973.4,0.0,0.0,0.0,0.0,0.0,0.0,0.0,0.0,0.0,0.0,0.0,8629.0
08/01/2026,15:00,[14:45-15:00[,0.0,2849.8,880.1,0.0,0.0,0.0,0.0,0.0,0.0,0.0,0.0,0.0,0.0,0.0,8629.0
08/01/2026,15:15,[15:00-15:15[,0.0,2945.2,783.8,0.0,0.0,0.0,0.0,0.0,0.0,0.0,0.0,0.0,0.0,0.0,8602.0
08/01/2026,15:30,[15:15-15:30[,0.0,2987.1,680.1,0.0,0.0,0.0,0.0,0.0,0.0,0.0,0.0,0.0,0.0,0.0,8602.0
08/01/2026,15:45,[15:30-15:45[,0.0,3030.2,573.9,0.0,0.0,0.0,0.0,0.0,0.0,0.0,0.0,0.0,0.0,0.0,8602.0
08/01/2026,16:00,[15:45-16:00[,0.0,3075.0,466.0,0.0,0.0,0.0,0.0,0.0,0.0,0.0,0.0,0.0,0.0,0.0,8602.0
08/01/2026,16:15,[16:00-16:15[,0.0,3115.4,361.0,0.0,0.0,0.0,0.0,0.0,0.0,0.0,0.0,0.0,0.0,0.0,8675.0
08/01/2026,16:30,[16:15-16:30[,0.0,3160.8,260.0,0.0,0.0,0.0,0.0,0.0,0.0,0.0,0.0,0.0,0.0,0.0,8675.0
08/01/2026,16:45,[16:30-16:45[,0.0,3206.6,167.4,0.0,0.0,0.0,0.0,0.0,0.0,0.0,0.0,0.0,0.0,0.0,8675.0
08/01/2026,17:00,[16:45-17:00[,0.0,3248.4,0.0,0.0,0.0,0.0,0.0,0.0,0.0,0.0,0.0,0.0,0.0,0.0,8675.0
08/01/2026,17:15,[17:00-17:15[,0.0,3287.1,0.0,0.0,0.0,0.0,0.0,0.0,0.0,0.0,0.0,0.0,0.0,0.0,8949.0
08/01/2026,17:30,[17:15-17:30[,0.0,3323.6,0.0,0.0,0.0,0.0,0.0,0.0,0.0,0.0,0.0,0.0,0.0,0.0,8949.0
08/01/2026,17:45,[17:30-17:45[,0.0,3360.3,0.0,0.0,0.0,0.0,0.0,0.0,0.0,0.0,0.0,0.0,0.0,0.0,8949.0
08/01/2026,18:00,[17:45-18:00[,0.0,3395.6,0.0,0.0,0.0,0.0,0.0,0.0,0.0,0.0,0.0,0.0,0.0,0.0,8949.0
08/01/2026,18:15,[18:00-18:15[,0.0,3426.4,0.0,0.0,0.0,0.0,0.0,0.0,0.0,0.0,0.0,0.0,0.0,0.0,9413.0
08/01/2026,18:30,[18:15-18:30[,0.0,3452.1,0.0,0.0,0.0,0.0,0.0,0.0,0.0,0.0,0.0,0.0,0.0,0.0,9413.0
08/01/2026,18:45,[18:30-18:45[,0.0,3476.4,0.0,0.0,0.0,0.0,0.0,0.0,0.0,0.0,0.0,0.0,0.0,0.0,9413.0
08/01/2026,19:00,[18:45-19:00[,0.0,3501.8,0.0,0.0,0.0,0.0,0.0,0.0,0.0,0.0,0.0,0.0,0.0,0.0,9413.0
08/01/2026,19:15,[19:00-19:15[,0.0,3527.6,0.0,0.0,0.0,0.0,0.0,0.0,0.0,0.0,0.0,0.0,0.0,0.0,9637.0
08/01/2026,19:30,[19:15-19:30[,0.0,3548.2,0.0,0.0,0.0,0.0,0.0,0.0,0.0,0.0,0.0,0.0,0.0,0.0,9637.0
08/01/2026,19:45,[19:30-19:45[,0.0,3569.0,0.0,0.0,0.0,0.0,0.0,0.0,0.0,0.0,0.0,0.0,0.0,0.0,9637.0
08/01/2026,20:00,[19:45-20:00[,0.0,3588.3,0.0,0.0,0.0,0.0,0.0,0.0,0.0,0.0,0.0,0.0,0.0,0.0,9637.0
08/01/2026,20:15,[20:00-20:15[,0.0,3606.3,0.0,0.0,0.0,0.0,0.0,0.0,0.0,0.0,0.0,0.0,0.0,0.0,9479.0
08/01/2026,20:30,[20:15-20:30[,0.0,3625.2,0.0,0.0,0.0,0.0,0.0,0.0,0.0,0.0,0.0,0.0,0.0,0.0,9479.0
08/01/2026,20:45,[20:30-20:45[,0.0,3643.0,0.0,0.0,0.0,0.0,0.0,0.0,0.0,0.0,0.0,0.0,0.0,0.0,9479.0
08/01/2026,21:00,[20:45-21:00[,0.0,3660.1,0.0,0.0,0.0,0.0,0.0,0.0,0.0,0.0,0.0,0.0,0.0,0.0,9479.0
08/01/2026,21:15,[21:00-21:15[,0.0,3679.4,0.0,0.0,0.0,0.0,0.0,0.0,0.0,0.0,0.0,0.0,0.0,0.0,8990.0
08/01/2026,21:30,[21:15-21:30[,0.0,3694.8,0.0,0.0,0.0,0.0,0.0,0.0,0.0,0.0,0.0,0.0,0.0,0.0,8990.0
08/01/2026,21:45,[21:30-21:45[,0.0,3712.8,0.0,0.0,0.0,0.0,0.0,0.0,0.0,0.0,0.0,0.0,0.0,0.0,8990.0
08/01/2026,22:00,[21:45-22:00[,0.0,3730.9,0.0,0.0,0.0,0.0,0.0,0.0,0.0,0.0,0.0,0.0,0.0,0.0,8990.0
08/01/2026,22:15,[22:00-22:15[,0.0,3747.0,0.0,0.0,0.0,0.0,0.0,0.0,0.0,0.0,0.0,0.0,0.0,0.0,8290.0
08/01/2026,22:30,[22:15-22:30[,0.0,3764.3,0.0,0.0,0.0,0.0,0.0,0.0,0.0,0.0,0.0,0.0,0.0,0.0,8290.0
08/01/2026,22:45,[22:30-22:45[,0.0,3779.7,0.0,0.0,0.0,0.0,0.0,0.0,0.0,0.0,0.0,0.0,0.0,0.0,8290.0
08/01/2026,23:00,[22:45-23:00[,0.0,3796.5,0.0,0.0,0.0,0.0,0.0,0.0,0.0,0.0,0.0,0.0,0.0,0.0,8290.0
08/01/2026,23:15,[23:00-23:15[,0.0,3809.2,0.0,0.0,0.0,0.0,0.0,0.0,0.0,0.0,0.0,0.0,0.0,0.0,7347.0
08/01/2026,23:30,[23:15-23:30[,0.0,3813.8,0.0,0.0,0.0,0.0,0.0,0.0,0.0,0.0,0.0,0.0,0.0,0.0,7347.0
08/01/2026,23:45,[23:30-23:45[,0.0,3820.9,0.0,0.0,0.0,0.0,0.0,0.0,0.0,0.0,0.0,0.0,0.0,0.0,7347.0
08/01/2026,23:59,[23:45-00:00[,0.0,3824.1,0.0,0.0,0.0,0.0,0.0,0.0,0.0,0.0,0.0,0.0,0.0,0.0,7347.0
